Sno,Gender,Age,College,Degree,Current_year,Branch,Staying,Mother_Tongue,Ins_Communication,Ins_Encouragement,Course_performance,Ins_Course_concept,ins_sum,Helping_Student,Imp_Topics,Theory_Practise,Learning_Material,Course_Assignment,Intract_people,Subject_Matters,cou_sum,Regular_Attendance,Communication_Skill,Influence,Course_Info,College_Encouragement,Recommend_Course,Recommend_Instructor,Course_helpful,Course_Impact,Challenging,Quality_Course,Future_interest,Experience,ovral_sum,Score
1,Female,19,SAK,UG,Third Year,CS/IT,Day Scholar,Tamil,4,4,4,3,15,No,3,3,5,5,2,1,19,Yes,2,Placements,College,Yes,4,3,3,3,3,3,4,4,27,5
2,Female,19,SAK,UG,Third Year,CS/IT,Day Scholar,Tamil,5,5,5,5,20,Yes,5,5,5,5,5,5,30,Yes,5,Past Performance,Other,No,3,3,5,5,4,5,5,5,35,10
3,Female,19,SAK,UG,Third Year,CS/IT,Day Scholar,Tamil,4,4,3,4,15,Yes,5,5,4,4,3,4,25,Yes,4,Placements,College,Yes,4,4,5,5,4,5,5,5,37,8
4,Female,19,SAK,UG,Third Year,CS/IT,Day Scholar,Tamil,3,4,4,4,15,Yes,4,4,4,4,4,3,23,Yes,4,Placements,College,No,3,3,3,4,2,2,3,2,22,6
5,Female,19,SAK,UG,Third Year,Commerce and Business,Day Scholar,Tamil,4,4,4,4,16,Yes,4,4,3,4,4,4,23,Yes,4,Placements,College,Yes,4,3,4,4,3,4,4,4,30,8
6,Female,20,SAK,UG,Third Year,CS/IT,Hostelier,Tamil,4,4,4,4,16,Yes,3,3,4,4,4,4,22,Yes,3,Placements,College,Yes,3,4,3,4,4,4,5,4,31,6
7,Female,19,SAK,UG,Third Year,Physical Science,Day Scholar,Tamil,4,2,3,4,13,Yes,4,3,2,4,5,3,21,Yes,3,Placements,College,Yes,3,3,3,3,3,3,4,4,26,4
8,Female,20,SAK,UG,Third Year,Physical Science,Day Scholar,Tamil,4,2,2,3,11,Yes,4,2,2,2,3,1,14,Yes,4,Placements,College,Yes,3,3,3,2,3,3,2,3,22,3
9,Female,19,SAK,UG,Third Year,Physical Science,Day Scholar,Tamil,4,3,2,3,12,Yes,4,3,2,3,3,2,17,Yes,3,Placements,College,Yes,3,3,3,3,3,3,3,3,24,4
10,Female,22,SAK,PG,Second Year ,Physical Science,Day Scholar,Tamil,4,4,4,4,16,Yes,4,3,5,3,4,5,24,Yes,3,Past Performance,College,No,3,4,4,3,3,2,2,4,25,6
11,Female,21,SAK,PG,Second Year ,Physical Science,Day Scholar,Tamil,4,4,4,2,14,Yes,4,4,4,4,2,4,22,Yes,4,Past Performance,College,Yes,4,4,4,3,4,3,4,4,30,5
12,Female,20,SAK,UG,Third Year,Physical Science,Day Scholar,Tamil,5,3,4,3,15,Yes,3,3,2,2,4,3,17,Yes,5,Placements,College,Yes,5,3,4,4,4,2,3,4,29,5
13,Female,19,SAK,UG,Third Year,CS/IT,Day Scholar,Tamil,5,4,4,3,16,No,3,3,2,2,2,1,13,Yes,2,Placements,College,Yes,4,3,3,3,3,3,4,4,27,5
14,Female,19,SAK,UG,Third Year,CS/IT,Day Scholar,Tamil,3,3,3,3,12,No,3,4,3,2,2,3,17,Yes,3,Placements,College,Yes,4,3,3,5,5,4,4,5,33,5
15,Female,19,SAK,UG,Third Year,CS/IT,Day Scholar,Tamil,5,3,4,4,16,Yes,4,4,3,3,3,5,22,Yes,5,Placements,College,Yes,5,5,5,4,4,5,5,5,38,10
16,Female,18,SAK,UG,Third Year,CS/IT,Day Scholar,Tamil,4,5,4,4,17,Yes,3,4,5,4,4,4,24,Yes,4,Placements,College,Yes,5,4,3,4,4,3,4,4,31,8
17,Female,19,SAK,UG,Third Year,CS/IT,Day Scholar,Tamil,4,5,4,4,17,Yes,4,4,2,4,4,3,21,Yes,4,Placements,College,Yes,4,4,4,3,3,4,4,4,30,8
18,Female,19,SAK,UG,Third Year,CS/IT,Day Scholar,Tamil,4,4,2,3,13,Yes,2,5,4,2,4,5,22,Yes,4,Placements,College,Yes,4,4,4,4,4,4,4,4,32,6
19,Female,19,SAK,UG,Third Year,CS/IT,Day Scholar,Tamil,4,3,3,2,12,No,3,1,2,2,3,3,14,Yes,4,Placements,College,Yes,5,4,4,3,2,3,5,4,30,8
20,Female,19,SAK,UG,Third Year,CS/IT,Day Scholar,Tamil,3,3,4,3,13,Yes,3,1,2,2,3,3,14,Yes,4,Placements,College,Yes,5,4,4,3,3,4,4,3,30,9
21,Female,22,SAK,UG,Third Year,CS/IT,Day Scholar,Tamil,3,3,4,3,13,Yes,4,4,4,4,4,3,23,Yes,5,Potential,College,Yes,3,3,3,3,4,4,4,3,27,4
22,Female,18,SAK,UG,Third Year,CS/IT,Day Scholar,Tamil,4,3,4,3,14,Yes,4,4,2,3,2,5,20,Yes,1,Potential,College,Yes,4,3,4,4,4,4,4,5,32,7
23,Female,20,SAK,UG,Third Year,CS/IT,Day Scholar,Tamil,4,4,4,4,16,Yes,4,4,4,4,4,4,24,Yes,4,Placements,College,Yes,3,3,4,3,3,3,4,3,26,6
24,Female,18,SAK,UG,Third Year,CS/IT,Day Scholar,Tamil,4,3,4,4,15,Yes,4,4,2,3,3,4,20,Yes,4,Placements,College,Yes,3,4,3,4,3,4,4,3,28,5
25,Female,19,SAK,UG,Third Year,Commerce and Business,Day Scholar,Tamil,4,5,5,5,19,Yes,4,2,1,2,4,4,17,Yes,4,Placements,College,Yes,4,4,4,4,4,4,4,4,32,5
26,Female,19,SAK,UG,Third Year,Commerce and Business,Day Scholar,Tamil,4,4,4,4,16,Yes,4,2,2,2,4,4,18,Yes,4,Placements,College,Yes,4,4,4,4,4,4,4,4,32,5
27,Female,20,SAK,UG,Third Year,Commerce and Business,Day Scholar,Tamil,4,4,3,4,15,Yes,4,3,5,3,5,5,25,Yes,5,Potential,Friends/Relatives ,No,4,4,5,5,4,4,4,4,34,8
28,Female,19,SAK,UG,Third Year,Commerce and Business,Day Scholar,Tamil,4,3,4,4,15,Yes,5,4,4,3,4,3,23,Yes,4,Placements,College,Yes,4,3,4,4,4,5,4,4,32,7
29,Female,19,SAK,UG,Third Year,Commerce and Business,Day Scholar,Tamil,4,3,4,5,16,Yes,5,4,3,4,3,4,23,Yes,4,Placements,College,Yes,5,4,5,4,3,4,4,4,33,8
30,Female,20,SAK,UG,Third Year,Commerce and Business,Day Scholar,Tamil,4,3,4,3,14,Yes,5,4,3,3,3,4,22,Yes,4,Placements,College,Yes,5,4,5,4,3,4,4,4,33,8
31,Female,19,SAK,UG,Third Year,Commerce and Business,Day Scholar,Tamil,4,2,3,2,11,Yes,3,3,4,5,4,4,23,Yes,5,Potential,Friends/Relatives ,Yes,4,2,5,4,4,4,5,4,32,8
32,Female,19,SAK,UG,Third Year,Physical Science,Day Scholar,Tamil,4,4,4,4,16,Yes,5,5,3,3,4,5,25,Yes,4,Parental Pressure,College,Yes,5,3,5,3,4,4,5,4,33,9
33,Female,20,SAK,UG,Third Year,Physical Science,Day Scholar,Tamil,4,4,4,4,16,Yes,4,5,4,4,4,4,25,Yes,5,Parental Pressure,Friends/Relatives ,Yes,5,4,5,5,5,4,5,5,38,8
34,Female,19,SAK,UG,Third Year,Commerce and Business,Day Scholar,Tamil,4,4,4,2,14,No,4,2,1,2,2,2,13,Yes,2,Placements,College,No,3,3,4,3,2,3,4,4,26,1
35,Female,20,SAK,UG,Third Year,Commerce and Business,Day Scholar,Tamil,4,3,4,4,15,Yes,4,4,3,2,4,3,20,Yes,1,Placements,College,Yes,4,4,4,3,3,4,5,4,31,7
36,Female,19,SAK,UG,Third Year,Commerce and Business,Day Scholar,Tamil,3,4,2,1,10,Yes,4,4,3,2,4,3,20,Yes,4,Parental Pressure,College,Yes,2,3,3,4,4,4,4,4,28,6
37,Female,19,SAK,UG,Third Year,Commerce and Business,Day Scholar,Tamil,3,4,4,3,14,Yes,4,4,3,3,4,4,22,Yes,4,Placements,College,Yes,4,3,4,4,4,4,3,4,30,3
38,Female,20,SAK,UG,Third Year,Commerce and Business,Day Scholar,Tamil,3,3,3,3,12,Yes,4,4,4,3,4,3,22,Yes,4,Placements,College,Yes,4,3,4,4,4,3,4,3,29,7
39,Female,19,SAK,UG,Third Year,Commerce and Business,Day Scholar,Tamil,4,4,4,2,14,Yes,4,4,3,3,4,3,21,Yes,3,Placements,College,Yes,4,3,4,4,3,2,4,4,28,5
40,Female,19,SAK,UG,Third Year,Commerce and Business,Day Scholar,Tamil,4,4,4,4,16,Yes,2,4,2,2,4,2,16,Yes,4,Placements,College,No,5,4,5,4,4,4,4,5,35,5
41,Female,20,SAK,UG,Third Year,Commerce and Business,Day Scholar,Tamil,4,4,2,3,13,Yes,4,4,4,4,4,4,24,Yes,4,Parental Pressure,Friends/Relatives ,Yes,4,4,4,4,3,3,4,4,30,8
42,Female,20,SAK,UG,Third Year,Commerce and Business,Day Scholar,Tamil,4,5,4,4,17,Yes,4,3,4,4,4,4,23,Yes,2,Potential,College,Yes,4,4,4,3,2,3,4,3,27,7
43,Female,19,SAK,UG,Third Year,CS/IT,Day Scholar,Tamil,5,4,3,3,15,Yes,4,5,2,4,5,3,23,Yes,1,Placements,College,Yes,4,4,5,5,2,4,5,5,34,7
44,Female,19,SAK,UG,Third Year,CS/IT,Day Scholar,Tamil,5,5,4,3,17,Yes,4,4,3,4,5,4,24,Yes,5,Placements,College,Yes,5,4,5,4,4,4,4,4,34,8
45,Female,19,SAK,UG,Third Year,Physical Science,Day Scholar,Tamil,4,4,3,2,13,No,3,2,2,2,3,3,15,Yes,2,Potential,College,Yes,4,3,3,3,2,3,4,3,25,6
46,Female,20,SAK,UG,Third Year,Physical Science,Day Scholar,Tamil,4,3,3,2,12,No,3,2,1,2,3,3,14,Yes,2,Potential,College,Yes,4,3,3,3,2,3,4,3,25,5
47,Female,20,SAK,UG,Third Year,Physical Science,Day Scholar,Tamil,4,3,3,2,12,No,3,2,1,2,3,3,14,Yes,2,Potential,College,Yes,4,3,3,3,2,3,4,3,25,5
48,Female,19,SAK,UG,Third Year,Physical Science,Day Scholar,Tamil,5,4,5,4,18,Yes,5,2,1,2,4,4,18,Yes,3,Placements,College,Yes,5,2,4,5,2,2,5,4,29,3
49,Female,20,SAK,UG,Third Year,Physical Science,Day Scholar,Tamil,4,4,5,5,18,Yes,4,4,3,3,4,5,23,Yes,4,Placements,College,Yes,4,3,4,3,4,5,4,4,31,5
50,Female,19,SAK,UG,Third Year,CS/IT,Day Scholar,Tamil,3,4,4,3,14,Yes,4,4,5,4,4,3,24,Yes,4,Placements,College,Yes,3,4,4,4,3,4,4,4,30,7
51,Female,21,SAK,PG,Second Year ,Physical Science,Day Scholar,Tamil,3,4,2,2,11,Yes,3,2,5,2,4,3,19,Yes,3,Past Performance,College,Yes,5,4,4,3,3,3,4,4,30,7
52,Female,22,SAK,PG,Second Year ,Physical Science,Day Scholar,Tamil,4,3,4,5,16,Yes,3,2,1,5,5,4,20,Yes,5,Potential,College,Yes,5,3,5,4,4,3,4,4,32,5
53,Female,19,SAK,UG,Third Year,CS/IT,Day Scholar,Tamil,4,3,4,3,14,No,4,3,3,2,3,3,18,Yes,4,Placements,College,Yes,4,4,5,5,4,3,5,5,35,8
54,Female,19,SAK,UG,Third Year,CS/IT,Day Scholar,Tamil,4,2,4,4,14,No,4,3,2,2,3,3,17,Yes,2,Placements,College,Yes,4,3,4,4,3,4,4,2,28,5
55,Female,19,SAK,UG,Third Year,Commerce and Business,Day Scholar,Tamil,4,5,4,2,15,Yes,5,4,4,4,4,4,25,Yes,4,Potential,Friends/Relatives ,No,5,4,5,4,4,4,4,4,34,7
56,Female,20,SAK,UG,Third Year,CS/IT,Day Scholar,Tamil,5,3,4,5,17,Yes,4,2,5,5,4,4,24,Yes,2,Placements,College,Yes,4,5,5,4,5,5,4,4,36,8
57,Female,19,SAK,UG,Third Year,CS/IT,Day Scholar,Tamil,5,4,5,2,16,Yes,4,5,2,1,3,4,19,Yes,2,Placements,College,Yes,4,3,4,2,3,4,4,3,27,6
58,Female,20,SAK,UG,Third Year,CS/IT,Day Scholar,Tamil,4,4,2,3,13,No,4,2,1,2,4,4,17,Yes,2,Placements,College,Yes,4,3,4,2,4,4,4,3,28,7
59,Female,19,SAK,UG,Third Year,CS/IT,Day Scholar,Tamil,3,4,4,3,14,Yes,5,4,4,4,4,3,24,Yes,4,Placements,College,Yes,3,3,4,4,4,4,4,4,30,6
60,Female,20,SAK,UG,Third Year,Commerce and Business,Day Scholar,Tamil,4,4,3,4,15,Yes,4,4,4,4,4,2,22,Yes,4,Placements,Other,Yes,3,3,4,2,2,4,3,4,25,5
61,Female,19,SAK,UG,Third Year,Commerce and Business,Day Scholar,Tamil,4,4,4,3,15,Yes,4,4,3,4,4,5,24,Yes,4,Placements,College,Yes,4,4,4,4,4,4,5,5,34,10
62,Female,20,SAK,UG,Third Year,Commerce and Business,Day Scholar,Tamil,4,4,4,4,16,Yes,4,4,4,4,4,4,24,No,5,Potential,Social Media ,Yes,5,4,4,4,4,4,5,5,35,7
63,Female,19,SAK,UG,Third Year,Commerce and Business,Day Scholar,Tamil,4,4,4,3,15,Yes,4,4,4,4,4,5,25,Yes,4,Placements,College,Yes,4,4,4,4,3,4,4,4,31,8
64,Female,20,SAK,UG,Third Year,Commerce and Business,Day Scholar,Tamil,4,4,3,3,14,Yes,4,4,2,4,4,2,20,Yes,2,Placements,College,Yes,3,3,4,2,2,4,3,4,25,6
65,Female,20,SAK,UG,Third Year,Commerce and Business,Day Scholar,Tamil,4,4,4,2,14,Yes,3,2,2,4,4,2,17,Yes,4,Placements,College,Yes,2,2,4,4,3,4,4,4,27,6
66,Female,19,SAK,UG,Third Year,Commerce and Business,Day Scholar,Tamil,4,4,4,2,14,Yes,4,4,3,3,4,2,20,Yes,4,Placements,College,Yes,4,3,4,4,4,4,3,4,30,6
67,Female,19,SAK,UG,Third Year,Commerce and Business,Day Scholar,Tamil,3,4,4,3,14,Yes,3,4,5,5,3,4,24,Yes,4,Placements,Other,Yes,3,3,5,4,5,4,4,3,31,8
68,Female,19,SAK,UG,Third Year,Commerce and Business,Day Scholar,Tamil,3,4,3,3,13,Yes,3,4,4,3,4,3,21,Yes,4,Parental Pressure,College,Yes,4,4,4,3,4,4,4,4,31,8
69,Female,21,SAK,PG,Second Year ,Physical Science,Day Scholar,Tamil,3,4,3,2,12,Yes,4,3,1,3,3,4,18,Yes,4,Placements,College,Yes,4,3,3,3,4,3,4,4,28,4
70,Female,19,SAK,UG,Third Year,CS/IT,Day Scholar,Tamil,4,4,4,4,16,Yes,4,4,4,4,4,3,23,Yes,5,Placements,Other,Yes,4,4,1,4,4,4,4,5,30,6
71,Female,20,SAK,UG,Third Year,CS/IT,Day Scholar,Kannada,4,3,3,3,13,Yes,3,3,4,4,4,4,22,Yes,3,Parental Pressure,Other,Yes,4,4,4,4,4,4,4,4,32,8
72,Female,19,SAK,UG,Third Year,CS/IT,Day Scholar,Tamil,4,4,4,2,14,No,4,3,2,2,4,3,18,Yes,2,Placements,College,Yes,4,4,5,4,5,4,4,4,34,7
73,Female,20,SAK,UG,Third Year,CS/IT,Day Scholar,Tamil,5,4,4,2,15,Yes,3,4,1,1,4,2,15,Yes,4,Placements,College,Yes,5,4,4,4,2,2,4,4,29,7
74,Female,20,SAK,UG,Third Year,CS/IT,Day Scholar,Tamil,4,4,5,5,18,Yes,5,5,2,3,4,5,24,Yes,5,Placements,College,Yes,5,5,5,5,4,4,5,4,37,9
75,Female,20,SAK,UG,Third Year,CS/IT,Day Scholar,Tamil,4,3,2,4,13,Yes,3,4,2,3,4,3,19,Yes,4,Placements,College,Yes,5,3,5,4,3,3,4,5,32,9
76,Female,20,SAK,UG,Third Year,CS/IT,Day Scholar,Tamil,2,2,3,2,9,Yes,2,2,2,2,2,4,14,No,2,Placements,College,Yes,5,4,4,2,4,4,4,2,29,2
77,Female,19,SAK,UG,Third Year,CS/IT,Day Scholar,Tamil,4,2,4,4,14,No,4,3,3,3,2,3,18,Yes,2,Placements,College,Yes,4,3,5,4,3,4,4,2,29,5
78,Female,19,SAK,UG,Third Year,CS/IT,Day Scholar,Tamil,4,3,4,3,14,No,4,3,2,2,3,3,17,Yes,4,Placements,College,Yes,4,4,5,5,4,4,5,5,36,5
79,Female,19,SAK,UG,Third Year,Physical Science,Hostelier ,Tamil,4,4,4,3,15,Yes,2,3,3,3,2,2,15,Yes,2,Potential,Friends/Relatives ,No,3,3,3,2,1,2,3,3,20,4
80,Female,18,SAK,UG,Third Year,Commerce and Business,Day Scholar,Tamil,5,4,4,4,17,Yes,4,1,4,5,4,4,22,Yes,4,Potential,Friends/Relatives ,Yes,4,2,5,4,4,4,5,4,32,7
81,Female,20,SAK,UG,Third Year,CS/IT,Day Scholar,Tamil,4,2,3,2,11,Yes,3,3,4,5,4,4,23,Yes,5,Potential,College,Yes,4,2,5,4,4,4,5,4,32,7
82,Female,20,SAK,UG,Third Year,Commerce and Business,Day Scholar,Tamil,4,3,3,4,14,Yes,4,3,3,4,4,4,22,Yes,4,Potential,Friends/Relatives,Yes,3,4,4,4,4,4,5,4,32,7
83,Female,19,SAK,UG,Third Year,Life science,Day Scholar,Tamil,5,5,5,5,20,Yes,5,5,5,5,5,5,30,Yes,5,Placements,College,Yes,5,5,5,5,5,5,5,5,40,9
84,Female,19,SAK,UG,Third Year,Commerce and Business,Day Scholar,Tamil,4,4,4,4,16,Yes,4,4,4,4,4,4,24,Yes,4,Placements,College,Yes,4,4,4,4,4,4,4,4,32,8
85,Female,20,SAK,UG,Third Year,Commerce and Business,Day Scholar,Tamil,4,4,4,2,14,Yes,3,3,2,2,4,4,18,Yes,3,Placements,College,Yes,4,4,3,4,4,4,4,4,31,5
86,Female,20,SAK,UG,Third Year,Commerce and Business,Day Scholar,Tamil,5,4,4,5,18,Yes,4,4,5,5,5,5,28,Yes,4,Past Performance,College,Yes,4,4,5,5,5,5,4,4,36,10
87,Female,19,SAK,UG,Third Year,Physical Science,Day Scholar,Tamil,3,3,2,2,10,Yes,3,3,4,4,3,3,20,Yes,3,Placements,College,Yes,3,3,3,4,3,3,3,3,25,4
88,Female,19,SHT,UG,Third Year,Physical Science,Day Scholar,Tamil,4,4,4,2,14,Yes,5,4,4,3,3,4,23,Yes,3,Placements,College,Yes,4,3,4,4,4,4,4,4,31,6
89,Female,19,SHT,UG,Third Year,Physical Science,Day Scholar,Tamil,3,3,3,2,11,Yes,3,2,2,3,3,2,15,Yes,4,Placements,College,Yes,4,4,4,5,5,5,5,4,36,7
90,Male,21,SHT,UG,Third Year,Commerce and Business,Day Scholar,Tamil,3,3,4,3,13,Yes,3,4,3,3,3,4,20,Yes,4,Placements,College,Yes,3,4,4,4,4,4,4,4,31,8
91,Male,20,SHT,UG,Third Year,Commerce and Business,Hostelier,Tamil,5,4,4,4,17,Yes,4,2,1,4,2,4,17,Yes,4,Parental Pressure,College,Yes,5,4,4,4,4,4,4,4,33,7
92,Male,20,SHT,UG,Third Year,Commerce and Business,Day Scholar,Tamil,5,4,4,3,16,Yes,5,4,4,3,3,4,23,Yes,4,Potential,College,Yes,4,4,5,5,5,4,4,5,36,9
93,Female,20,SHT,UG,Third Year,Commerce and Business,Day Scholar,Tamil,5,5,4,2,16,Yes,5,4,5,5,4,4,27,Yes,5,Placements,College,Yes,4,4,4,4,3,4,4,4,31,8
94,Male,20,SHT,UG,Third Year,Commerce and Business,Day Scholar,Tamil,4,3,4,4,15,Yes,4,3,2,2,4,5,20,Yes,4,Placements,College,Yes,2,3,4,3,3,2,4,2,23,6
95,Male,20,SHT,UG,Third Year,Commerce and Business,Day Scholar,Tamil,4,4,2,4,14,Yes,3,2,1,1,1,2,10,Yes,3,Placements,College,Yes,3,4,3,3,3,3,3,3,25,5
96,Male,20,SSK,UG,Third Year,CS/IT,Day Scholar,Tamil,5,5,4,5,19,Yes,5,4,3,5,5,4,26,Yes,3,Past Performance,College,Yes,5,5,5,5,4,5,5,5,39,9
97,Male,20,SSK,UG,Third Year,CS/IT,Day Scholar,Tamil,4,4,4,4,16,Yes,4,4,4,4,4,4,24,Yes,4,Placements,College,Yes,4,4,4,4,4,4,4,4,32,8
98,Male,19,SSK,UG,Third Year,CS/IT,Day Scholar,Tamil,5,5,5,5,20,Yes,5,4,4,5,5,5,28,Yes,5,Potential,College,Yes,4,4,4,4,4,4,4,4,32,8
99,Male,19,SSK,UG,Third Year,CS/IT,Day Scholar,Tamil,5,4,5,5,19,Yes,5,5,4,5,5,5,29,Yes,4,Potential,College,Yes,5,5,5,5,4,5,4,5,38,8
100,Female,19,SSK,UG,Third Year,CS/IT,Day Scholar,Others,4,4,5,3,16,Yes,4,5,4,3,3,4,23,Yes,4,Placements,College,Yes,5,4,4,5,5,3,5,4,35,6
101,Female,21,SSK,UG,Third Year,Physical Science,Hostelier,Tamil,4,5,5,4,18,Yes,5,5,5,4,5,4,28,Yes,4,Placements,College,Yes,5,4,5,4,4,3,3,4,32,8
102,Female,20,SSK,UG,Third Year,CS/IT,Hostelier,Telugu,4,4,4,4,16,Yes,4,4,4,4,5,4,25,Yes,4,Placements,College,Yes,4,4,4,4,4,3,4,4,31,6
103,Female,20,SSK,UG,Third Year,CS/IT,Day Scholar,Tamil,4,4,4,4,16,Yes,5,4,4,4,4,4,25,Yes,4,Placements,College,Yes,4,4,4,3,4,4,4,4,31,7
104,Female,20,SSK,UG,Third Year,CS/IT,Day Scholar,Tamil,5,5,5,5,20,Yes,5,5,4,5,5,5,29,Yes,5,Placements,College,Yes,5,5,5,5,5,5,5,5,40,10
105,Female,20,SSK,UG,Third Year,CS/IT,Day Scholar,Telugu,5,5,4,4,18,Yes,4,4,4,4,4,4,24,Yes,4,Placements,College,Yes,4,4,4,4,4,4,4,4,32,9
106,Female,20,SSK,UG,Third Year,CS/IT,Day Scholar,Others,4,4,4,3,15,Yes,4,4,4,4,4,4,24,Yes,3,Placements,College,Yes,4,4,4,4,4,4,5,4,33,8
107,Female,19,SSK,UG,Third Year,CS/IT,Day Scholar,Tamil,4,4,4,2,14,Yes,4,2,2,5,5,4,22,Yes,5,Placements,College,Yes,4,4,4,3,5,5,5,4,34,9
108,Female,19,SSK,UG,Third Year,CS/IT,Day Scholar,Tamil,4,4,3,2,13,Yes,4,3,3,3,4,4,21,Yes,4,Placements,College,Yes,4,4,4,5,3,4,4,4,32,10
109,Female,19,SSK,UG,Third Year,CS/IT,Day Scholar,Tamil,4,3,4,4,15,Yes,4,4,4,3,4,4,23,Yes,5,Placements,College,No,2,4,4,4,4,4,4,4,30,9
110,Male,20,SSK,UG,Third Year,CS/IT,Day Scholar,Tamil,5,4,4,5,18,Yes,5,5,4,4,4,4,26,Yes,5,Potential,College,Yes,4,4,5,5,5,5,4,5,37,9
111,Male,19,SSK,UG,Third Year,CS/IT,Day Scholar,Tamil,5,4,4,3,16,Yes,5,4,4,4,5,5,27,Yes,5,Placements,College,Yes,5,5,5,5,5,5,5,4,39,7
112,Male,19,SSK,UG,Third Year,CS/IT,Hostelier,Tamil,4,4,4,4,16,Yes,4,4,4,4,4,4,24,Yes,4,Past Performance,College,Yes,4,4,4,4,4,4,4,4,32,7
113,Male,20,SSK,UG,Third Year,CS/IT,Day Scholar,Tamil,5,4,4,3,16,Yes,5,4,4,4,3,4,24,Yes,5,Placements,College,Yes,5,5,5,5,4,4,4,4,36,8
114,Male,20,SSK,UG,Third Year,CS/IT,Hostelier,Telugu,4,4,4,4,16,Yes,4,4,4,4,4,4,24,Yes,4,Placements,College,Yes,3,3,4,4,4,4,4,4,30,6
115,Male,20,SSK,UG,Third Year,CS/IT,Hostelier,Tamil,4,4,4,4,16,Yes,3,3,3,3,4,4,20,Yes,3,Potential,College,No,5,5,3,3,3,4,5,4,32,8
116,Male,20,SSK,UG,Third Year,CS/IT,Hostelier,Tamil,5,5,5,4,19,Yes,5,5,5,4,4,4,27,Yes,5,Placements,College,Yes,5,5,5,4,5,5,5,5,39,10
117,Male,19,SSK,UG,Third Year,CS/IT,Day Scholar,Tamil,5,4,4,5,18,Yes,4,4,3,5,4,5,25,Yes,5,Placements,College,Yes,5,4,4,4,3,3,4,5,32,8
118,Male,19,SSK,UG,Third Year,CS/IT,Day Scholar,Tamil,5,4,5,3,17,Yes,5,5,5,3,4,4,26,Yes,4,Placements,College,Yes,5,5,4,3,4,4,4,4,33,8
119,Male,20,SSK,UG,Third Year,CS/IT,Day Scholar,Tamil,5,4,4,5,18,Yes,4,4,3,4,4,5,24,Yes,5,Placements,College,Yes,5,5,4,5,4,4,3,4,34,9
120,Male,19,SSK,UG,Third Year,Commerce and Business,Day Scholar,Tamil,4,5,4,4,17,Yes,5,4,3,5,5,5,27,Yes,5,Placements,College,Yes,5,5,5,5,5,5,5,5,40,10
121,Male,19,SSK,UG,Third Year,Commerce and Business,Hostelier,Tamil,4,5,4,4,17,Yes,5,4,3,5,5,5,27,Yes,5,Placements,College,Yes,5,5,5,5,5,5,5,4,39,9
122,Female,20,SSK,UG,Third Year,Commerce and Business,Day Scholar,Tamil,4,5,5,4,18,Yes,4,4,4,4,4,5,25,Yes,4,Placements,College,Yes,4,4,5,5,5,4,5,5,37,9
123,Female,19,SSK,UG,Third Year,CS/IT,Day Scholar,Tamil,5,4,4,3,16,Yes,4,3,4,4,5,4,24,Yes,5,Placements,College,Yes,5,4,5,4,4,4,5,5,36,9
124,Female,19,SSK,UG,Third Year,CS/IT,Day Scholar,Tamil,4,4,4,3,15,Yes,3,3,4,4,5,4,23,Yes,4,Placements,College,Yes,5,5,4,4,4,4,4,4,34,8
125,Female,20,SSK,UG,Third Year,Physical Science,Day Scholar,Tamil,4,5,4,5,18,Yes,4,5,4,4,5,4,26,Yes,4,Past Performance,College,Yes,5,5,5,4,4,5,5,4,37,9
126,Female,20,SSK,UG,Third Year,Physical Science,Day Scholar,Tamil,4,5,4,5,18,Yes,5,5,4,4,4,4,26,Yes,5,Past Performance,College,Yes,5,5,5,4,4,5,4,4,36,9
127,Female,19,SSK,UG,Third Year,Physical Science,Day Scholar,Tamil,5,5,4,5,19,Yes,5,4,4,4,5,4,26,Yes,5,Past Performance,College,Yes,5,5,5,4,4,5,4,5,37,9
128,Male,20,SSK,UG,Third Year,Commerce and Business,Day Scholar,Tamil,5,5,4,4,18,Yes,5,4,4,4,4,4,25,Yes,4,Potential,Friends/Relatives ,Yes,5,5,5,5,5,5,5,5,40,9
129,Male,21,SSK,UG,Third Year,Commerce and Business,Day Scholar,Tamil,5,4,4,4,17,Yes,5,5,4,4,4,5,27,Yes,4,Potential,College,Yes,5,5,5,5,4,5,5,5,39,9
130,Male,21,SSK,UG,Third Year,Commerce and Business,Day Scholar,Tamil,5,4,4,4,17,Yes,3,3,3,4,5,5,23,Yes,4,Potential,College,Yes,5,5,3,4,5,5,5,5,37,8
131,Male,19,SSK,UG,Third Year,Commerce and Business,Day Scholar,Tamil,5,5,4,4,18,Yes,5,4,5,4,5,4,27,Yes,5,Past Performance,College,Yes,5,5,5,5,5,4,3,4,36,8
132,Male,20,SSK,UG,Third Year,Commerce and Business,Day Scholar,Malayalam,4,4,4,3,15,Yes,4,3,4,4,5,4,24,Yes,5,Potential,Friends/Relatives ,Yes,4,4,4,4,4,4,5,4,33,10
133,Male,20,SSK,UG,Third Year,Commerce and Business,Day Scholar,Tamil,4,4,4,4,16,Yes,4,4,4,4,4,4,24,Yes,4,Potential,College,Yes,4,4,4,4,4,4,4,4,32,10
134,Male,20,SSK,UG,Third Year,Commerce and Business,Day Scholar,Tamil,5,4,4,4,17,Yes,5,4,4,4,4,4,25,Yes,4,Potential,College,Yes,4,4,4,5,4,3,5,4,33,8
135,Female,20,SSK,UG,Third Year,Commerce and Business,Day Scholar,Tamil,4,4,4,4,16,Yes,4,3,4,4,4,4,23,Yes,4,Placements,College,Yes,4,5,5,4,4,4,4,4,34,7
136,Male,20,SSK,UG,Third Year,CS/IT,Day Scholar,Tamil,4,3,4,4,15,Yes,5,5,3,5,5,5,28,Yes,4,Placements,College,Yes,5,4,5,4,5,5,5,5,38,7
137,Male,20,SSK,UG,Third Year,CS/IT,Day Scholar,Tamil,4,4,4,4,16,Yes,4,3,3,3,4,4,21,Yes,4,Placements,College,Yes,4,4,4,4,3,4,4,4,31,8
138,Female,20,SSK,UG,Third Year,Life science,Day Scholar,Tamil,5,5,5,5,20,Yes,4,3,1,4,1,1,14,Yes,3,Placements,College,Yes,3,2,3,1,1,2,2,3,17,5
139,Female,19,SSK,UG,Third Year,Commerce and Business,Day Scholar,Tamil,4,4,3,4,15,Yes,3,5,4,4,5,3,24,Yes,5,Placements,College,Yes,4,4,4,4,4,5,4,4,33,8
140,Female,19,SSK,UG,Third Year,Commerce and Business,Day Scholar,Tamil,4,4,3,4,15,Yes,3,5,4,4,5,3,24,Yes,5,Placements,College,Yes,4,4,4,4,4,5,4,4,33,8
141,Male,19,SSK,UG,Third Year,CS/IT,Day Scholar,Tamil,4,5,4,3,16,Yes,5,4,3,4,4,4,24,Yes,4,Placements,College,Yes,5,4,4,4,2,4,4,5,32,10
142,Male,19,SSK,UG,Third Year,CS/IT,Day Scholar,Tamil,5,5,5,5,20,Yes,5,5,5,5,5,5,30,Yes,5,Placements,College,Yes,5,5,5,5,4,5,5,4,38,8
143,Male,19,SSK,UG,Third Year,CS/IT,Day Scholar,Tamil,4,4,5,5,18,Yes,5,5,4,4,3,3,24,Yes,4,Potential,College,Yes,5,4,4,5,3,4,5,5,35,9
144,Male,20,SSK,UG,Third Year,CS/IT,Day Scholar,Telugu,5,4,4,5,18,Yes,4,5,4,4,4,5,26,Yes,4,Past Performance,College,Yes,4,3,5,5,5,4,5,4,35,7
145,Male,19,SSK,UG,Third Year,CS/IT,Day Scholar,Tamil,5,4,4,3,16,Yes,5,5,4,4,4,5,27,Yes,4,Past Performance,College,Yes,5,5,5,4,4,4,4,4,35,9
146,Male,20,SSK,UG,Third Year,CS/IT,Day Scholar,Tamil,4,4,4,3,15,Yes,4,4,4,4,4,4,24,Yes,4,Placements,College,Yes,4,4,4,4,4,3,5,4,32,8
147,Male,20,SSK,UG,Third Year,CS/IT,Day Scholar,Tamil,5,5,5,5,20,Yes,5,4,4,4,5,4,26,Yes,5,Peer Persuasion,College,Yes,4,4,4,4,4,4,5,5,34,8
148,Female,20,SSK,UG,Third Year,Life science,Day Scholar,Tamil,4,4,3,3,14,Yes,2,2,3,4,4,3,18,Yes,3,Placements,College,Yes,5,5,4,4,2,3,5,3,31,7
149,Male,19,SSK,UG,Third Year,Commerce and Business,Day Scholar,Tamil,4,4,5,4,17,Yes,5,4,3,4,4,5,25,Yes,4,Placements,College,Yes,4,4,4,3,2,4,4,4,29,8
150,Male,20,SSK,UG,Third Year,Commerce and Business,Day Scholar,Tamil,4,4,5,4,17,Yes,5,4,3,4,4,4,24,Yes,4,Placements,College,Yes,4,4,4,4,3,4,4,4,31,7
151,Female,20,SSK,UG,Third Year,Commerce and Business,Day Scholar,Tamil,5,4,5,5,19,Yes,5,4,5,5,4,5,28,Yes,5,Potential,Friends/Relatives ,Yes,5,5,4,4,5,4,5,4,36,8
152,Female,20,SSK,UG,Third Year,Commerce and Business,Day Scholar,Tamil,5,5,4,5,19,Yes,4,4,4,4,4,4,24,Yes,4,Placements,College,Yes,5,4,4,4,4,4,5,4,34,8
153,Female,20,SSK,UG,Third Year,Commerce and Business,Day Scholar,Tamil,4,4,4,4,16,Yes,5,4,3,4,5,5,26,Yes,4,Placements,College,Yes,5,5,5,4,4,4,4,4,35,7
154,Female,21,SSK,UG,Third Year,CS/IT,Day Scholar,Tamil,5,5,5,5,20,Yes,4,3,3,3,4,5,22,Yes,4,Placements,College,Yes,4,4,3,2,2,3,5,3,26,7
155,Female,20,SSK,UG,Third Year,CS/IT,Day Scholar,Others,4,3,4,4,15,Yes,4,3,3,4,2,2,18,Yes,2,Placements,College,Yes,4,4,3,3,2,2,5,3,26,6
156,Female,20,APT,UG,Third Year,Commerce and Business,Day Scholar,Tamil,5,5,5,5,20,Yes,4,4,4,4,4,5,25,Yes,4,Placements,College,Yes,5,5,4,4,5,5,4,5,37,9
157,Female,20,APT,UG,Third Year,Commerce and Business,Day Scholar,Tamil,4,4,4,5,17,Yes,4,4,4,5,4,3,24,Yes,4,Placements,College,Yes,5,4,5,4,4,4,4,4,34,9
158,Female,19,APT,UG,Third Year,Commerce and Business,Day Scholar,Tamil,4,4,3,4,15,Yes,4,5,2,4,4,3,22,Yes,5,Peer Persuasion,College,Yes,4,4,4,3,4,4,4,4,31,7
159,Female,19,APT,UG,Third Year,Commerce and Business,Day Scholar,Tamil,4,4,5,3,16,Yes,4,5,3,4,4,3,23,Yes,5,Peer Persuasion,College,Yes,4,4,5,3,4,4,4,4,32,9
160,Female,20,APT,UG,Third Year,Commerce and Business,Day Scholar,Tamil,4,5,4,4,17,Yes,5,4,4,4,5,5,27,Yes,4,Placements,College,Yes,4,5,4,5,4,5,4,5,36,9
161,Female,19,APT,UG,Third Year,Commerce and Business,Day Scholar,Tamil,4,4,4,4,16,Yes,4,5,1,4,5,5,24,Yes,4,Peer Persuasion,College,Yes,4,4,4,4,4,5,4,5,34,8
162,Female,20,APT,UG,Third Year,Commerce and Business,Day Scholar,Tamil,4,4,5,4,17,Yes,5,5,5,5,4,5,29,Yes,5,Placements,College,Yes,4,5,5,4,5,5,5,4,37,10
163,Female,20,APT,UG,Third Year,Commerce and Business,Day Scholar,Tamil,3,4,4,4,15,Yes,4,4,5,4,5,4,26,Yes,5,Potential,College,Yes,4,4,4,5,4,4,5,4,34,10
164,Female,20,APT,UG,Third Year,Commerce and Business,Day Scholar,Tamil,4,4,4,5,17,Yes,4,4,1,4,4,1,18,No,4,Placements,College,Yes,5,4,4,4,4,4,5,4,34,10
165,Female,19,APT,UG,Third Year,Commerce and Business,Day Scholar,Tamil,5,4,4,5,18,Yes,5,5,5,5,5,5,30,Yes,5,Placements,College,Yes,4,4,4,5,5,5,4,5,36,5
166,Female,20,APT,UG,Third Year,Commerce and Business,Day Scholar,Tamil,5,4,4,4,17,Yes,5,5,4,4,4,5,27,Yes,5,Placements,College,Yes,5,5,5,5,5,5,5,5,40,9
167,Female,18,APT,UG,Third Year,Commerce and Business,Day Scholar,Tamil,5,5,5,5,20,Yes,5,5,4,4,5,5,28,Yes,5,Placements,College,Yes,5,5,5,5,5,5,5,5,40,10
168,Female,20,APT,UG,Third Year,Commerce and Business,Day Scholar,Tamil,4,4,4,4,16,Yes,4,4,4,4,4,4,24,Yes,4,Placements,College,Yes,4,4,4,4,4,4,4,4,32,8
169,Female,20,APT,UG,Third Year,Commerce and Business,Day Scholar,Tamil,4,4,4,4,16,Yes,4,4,4,4,4,4,24,Yes,4,Placements,College,Yes,5,5,4,4,4,4,5,4,35,9
170,Female,19,APT,UG,Third Year,Commerce and Business,Day Scholar,Tamil,4,3,3,3,13,Yes,4,4,4,4,4,4,24,Yes,4,Potential,College,Yes,2,2,3,3,2,3,4,4,23,10
171,Female,20,APT,UG,Third Year,Commerce and Business,Day Scholar,Tamil,5,5,4,4,18,Yes,5,3,4,4,4,4,24,Yes,5,Placements,College,Yes,5,4,5,4,4,5,5,5,37,10
172,Female,20,APT,UG,Third Year,Commerce and Business,Day Scholar,Tamil,5,5,4,4,18,Yes,5,3,4,4,4,4,24,Yes,5,Placements,College,Yes,5,4,5,4,4,5,5,5,37,10
173,Female,19,APT,UG,Third Year,Commerce and Business,Day Scholar,Tamil,5,5,5,5,20,Yes,5,5,4,4,5,5,28,Yes,5,Placements,College,Yes,4,4,5,5,3,4,4,5,34,9
174,Female,20,APT,UG,Third Year,Commerce and Business,Hostelier,Tamil,5,4,4,4,17,Yes,4,5,5,5,5,4,28,Yes,5,Placements,College,Yes,5,5,5,5,4,4,4,4,36,9
175,Female,20,APT,UG,Third Year,Commerce and Business,Day Scholar,Tamil,5,5,5,5,20,Yes,5,5,5,5,5,5,30,Yes,5,Placements,College,Yes,5,5,5,5,5,5,5,5,40,10
176,Female,19,APT,UG,Third Year,Commerce and Business,Day Scholar,Tamil,5,5,5,5,20,Yes,5,4,4,4,4,5,26,Yes,4,Placements,College,Yes,5,5,5,5,4,5,4,4,37,10
177,Female,19,APT,UG,Third Year,Commerce and Business,Day Scholar,Tamil,4,4,4,5,17,Yes,4,4,4,4,4,4,24,Yes,4,Placements,College,Yes,4,4,4,5,5,4,4,4,34,10
178,Female,19,APT,UG,Third Year,Commerce and Business,Day Scholar,Tamil,4,4,3,3,14,Yes,4,3,2,3,3,3,18,Yes,4,Placements,College,Yes,5,3,5,5,3,3,4,4,32,7
179,Female,20,APT,UG,Third Year,Commerce and Business,Day Scholar,Tamil,4,4,3,4,15,Yes,4,3,2,2,3,3,17,Yes,3,Placements,College,Yes,4,3,3,3,4,2,4,4,27,6
180,Female,20,APT,UG,Third Year,Commerce and Business,Day Scholar,Tamil,5,5,5,4,19,Yes,5,4,4,4,4,4,25,Yes,5,Placements,College,Yes,5,4,5,4,4,5,5,5,37,10
181,Female,19,APT,UG,Third Year,Commerce and Business,Day Scholar,Tamil,4,5,4,3,16,Yes,3,4,4,3,4,3,21,Yes,4,Placements,College,Yes,4,4,5,4,3,4,4,4,32,10
182,Female,20,APT,UG,Third Year,Commerce and Business,Day Scholar,Tamil,5,4,4,5,18,Yes,5,5,1,4,5,5,25,Yes,5,Placements,College,Yes,4,5,5,5,5,5,5,5,39,10
183,Female,20,APT,UG,Third Year,Commerce and Business,Day Scholar,Tamil,4,4,4,5,17,Yes,4,2,4,4,5,4,23,Yes,5,Placements,College,Yes,5,5,4,4,4,5,5,5,37,9
184,Female,19,APT,UG,Third Year,Commerce and Business,Day Scholar,Tamil,5,5,5,5,20,Yes,5,5,5,5,5,5,30,Yes,5,Placements,College,Yes,5,5,5,5,3,5,5,5,38,10
185,Female,19,APT,UG,Third Year,Commerce and Business,Day Scholar,Tamil,5,5,5,5,20,Yes,5,5,5,5,4,5,29,Yes,5,Placements,College,Yes,5,5,5,5,4,5,5,5,39,10
186,Female,19,APT,UG,Third Year,Commerce and Business,Day Scholar,Tamil,5,5,5,5,20,Yes,5,5,5,5,5,5,30,Yes,5,Potential,College,Yes,5,5,5,5,4,5,5,5,39,10
187,Female,20,APT,UG,Third Year,Commerce and Business,Day Scholar,Tamil,5,4,4,4,17,Yes,4,5,3,3,4,4,23,Yes,4,Placements,College,Yes,5,5,5,5,5,4,3,4,36,9
188,Female,19,APT,UG,Third Year,Commerce and Business,Day Scholar,Tamil,5,5,5,5,20,Yes,5,5,5,5,5,5,30,Yes,5,Placements,College,Yes,5,5,5,5,3,5,5,5,38,10
189,Female,19,APT,UG,Third Year,Commerce and Business,Day Scholar,Tamil,4,4,4,4,16,Yes,4,5,3,3,4,4,23,Yes,4,Placements,College,Yes,5,5,5,5,4,3,4,4,35,8
190,Female,20,APT,UG,Third Year,Commerce and Business,Day Scholar,Tamil,5,4,4,4,17,Yes,4,5,3,3,4,4,23,Yes,4,Placements,College,Yes,5,5,5,5,4,3,4,4,35,8
191,Female,20,APT,UG,Third Year,Commerce and Business,Day Scholar,Tamil,5,4,4,4,17,Yes,4,4,2,3,4,4,21,Yes,4,Placements,College,Yes,4,5,5,5,4,3,4,4,34,8
192,Female,19,APT,UG,Third Year,Commerce and Business,Day Scholar,Tamil,4,3,4,4,15,Yes,4,4,2,4,4,4,22,Yes,4,Placements,College,Yes,4,4,4,4,4,4,4,4,32,8
193,Female,19,APT,UG,Third Year,Commerce and Business,Day Scholar,Tamil,4,5,4,4,17,Yes,5,4,4,4,4,5,26,Yes,4,Placements,College,Yes,4,4,4,4,4,4,5,4,33,8
194,Female,20,APT,UG,Third Year,Commerce and Business,Day Scholar,Tamil,5,4,5,4,18,Yes,4,5,4,5,4,4,26,Yes,5,Placements,College,Yes,4,4,4,4,4,4,5,4,33,8
195,Female,19,APT,UG,Third Year,Commerce and Business,Day Scholar,Tamil,4,5,4,5,18,Yes,5,4,5,4,5,5,28,Yes,5,Placements,College,Yes,4,4,5,4,4,4,4,4,33,8
196,Female,19,APT,UG,Third Year,Commerce and Business,Day Scholar,Tamil,5,4,3,3,15,Yes,4,4,3,3,3,5,22,Yes,3,Placements,College,Yes,4,4,4,5,3,3,4,3,30,7
197,Female,19,APT,UG,Third Year,Commerce and Business,Day Scholar,Tamil,5,5,4,5,19,Yes,4,5,4,4,5,5,27,Yes,5,Placements,College,Yes,4,5,5,5,4,4,4,4,35,7
198,Female,19,APT,UG,Third Year,Commerce and Business,Day Scholar,Tamil,4,4,5,4,17,Yes,4,3,3,3,3,4,20,Yes,3,Placements,College,Yes,5,4,4,4,4,4,4,4,33,8
199,Female,21,APT,UG,Third Year,Commerce and Business,Day Scholar,Tamil,3,4,3,3,13,Yes,4,4,3,3,4,4,22,Yes,3,Placements,College,No,4,4,4,4,4,4,4,4,32,5
200,Female,20,APT,UG,Third Year,Commerce and Business,Day Scholar,Tamil,4,3,4,5,16,Yes,4,5,4,5,4,5,27,Yes,5,Placements,College,Yes,3,3,3,5,4,4,4,4,30,10
201,Female,20,APT,UG,Third Year,Commerce and Business,Day Scholar,Tamil,4,4,4,4,16,Yes,4,4,4,4,4,4,24,Yes,4,Placements,College,Yes,4,4,4,4,4,4,4,4,32,10
202,Female,20,APT,UG,Third Year,Commerce and Business,Day Scholar,Tamil,4,5,4,4,17,Yes,4,5,5,4,5,5,28,Yes,5,Placements,College,Yes,5,5,5,4,5,5,5,4,38,10
203,Female,20,APT,UG,Third Year,Commerce and Business,Day Scholar,Tamil,5,5,4,5,19,Yes,5,5,5,5,5,5,30,Yes,5,Placements,College,Yes,5,5,5,5,5,5,5,5,40,10
204,Female,20,APT,UG,Third Year,Commerce and Business,Day Scholar,Tamil,5,5,4,5,19,Yes,5,5,5,5,5,5,30,Yes,5,Placements,College,Yes,5,5,5,5,5,5,4,5,39,10
205,Female,20,APT,UG,Third Year,Commerce and Business,Day Scholar,Tamil,5,4,5,5,19,Yes,5,5,5,5,5,5,30,Yes,5,Placements,College,Yes,5,5,5,5,5,5,4,5,39,10
206,Female,19,APT,UG,Third Year,Physical Science,Day Scholar,Tamil,5,5,4,4,18,Yes,5,4,3,3,4,5,24,Yes,4,Placements,College,Yes,5,5,5,5,5,5,4,4,38,8
207,Female,19,APT,UG,Third Year,Commerce and Business,Day Scholar,Tamil,5,5,4,4,18,Yes,5,4,3,3,4,5,24,Yes,4,Placements,College,Yes,5,5,5,5,4,5,4,4,37,8
208,Male,20,APT,UG,Third Year,Commerce and Business,Day Scholar,Tamil,5,4,4,3,16,Yes,4,4,5,4,5,5,27,Yes,5,Potential,College,Yes,5,5,5,5,4,5,5,5,39,10
209,Female,20,APT,UG,Third Year,Commerce and Business,Day Scholar,Tamil,5,5,5,5,20,Yes,5,5,5,5,5,5,30,Yes,5,Placements,College,Yes,5,5,5,5,5,5,5,5,40,10
210,Female,18,SAT,UG,Third Year,Life science,Day Scholar,Tamil,5,4,4,4,17,Yes,3,4,4,3,3,5,22,Yes,3,Placements,College,Yes,5,4,5,5,4,4,5,4,36,1
211,Female,19,SAT,UG,Third Year,Commerce and Business,Day Scholar,Tamil,5,4,4,4,17,No,3,3,4,4,4,3,21,Yes,4,Past Performance,Other,Yes,2,1,3,4,3,3,4,4,24,2
212,Female,20,SAK,UG,Third Year,Commerce and Business,Day Scholar,Tamil,4,3,3,4,14,Yes,4,3,3,4,4,4,22,Yes,4,Potential,Friends/Relatives,Yes,3,4,4,4,4,4,5,4,32,7
213,Female,19,SAK,UG,Third Year,Life science,Day Scholar,Tamil,5,5,5,5,20,Yes,5,5,5,5,5,5,30,Yes,5,Placements,College,Yes,5,5,5,5,5,5,5,5,40,9
214,Female,19,SAK,UG,Third Year,Commerce and Business,Day Scholar,Tamil,4,4,4,4,16,Yes,4,4,4,4,4,4,24,Yes,4,Placements,College,Yes,4,4,4,4,4,4,4,4,32,8
215,Female,20,SAK,UG,Third Year,Commerce and Business,Day Scholar,Tamil,4,4,4,2,14,Yes,3,3,2,2,4,4,18,Yes,3,Placements,College,Yes,4,4,3,4,4,4,4,4,31,5
216,Female,19,SAT,UG,Third Year,Commerce and Business,Day Scholar,Tamil,3,3,3,3,12,Yes,3,3,3,3,2,3,17,Yes,5,Past Performance,College,Yes,4,3,3,3,4,3,3,3,26,7
217,Female,18,SAT,UG,Third Year,Commerce and Business,Day Scholar,Tamil,5,1,1,1,8,Yes,5,5,5,5,5,5,30,Yes,5,Placements,College,Yes,5,5,5,5,5,5,4,5,39,10
218,Female,21,SAT,UG,Third Year,Commerce and Business,Day Scholar,Tamil,5,5,4,4,18,Yes,5,5,5,5,5,5,30,Yes,4,Placements,College,Yes,4,4,4,4,4,4,4,4,32,7
219,Female,19,SAT,UG,Third Year,Commerce and Business,Day Scholar,Tamil,3,3,3,3,12,Yes,3,3,3,3,3,3,18,Yes,3,Past Performance,College,Yes,3,3,3,3,3,3,3,3,24,8
220,Female,19,SAT,UG,Third Year,Commerce and Business,Day Scholar,Tamil,5,4,4,4,17,Yes,4,4,4,4,4,4,24,Yes,4,Placements,College,Yes,3,3,3,3,3,3,3,3,24,7
221,Female,20,SAK,UG,Third Year,Commerce and Business,Day Scholar,Tamil,5,4,4,5,18,Yes,4,4,5,5,5,5,28,Yes,4,Past Performance,College,Yes,4,4,5,5,5,5,4,4,36,10
222,Female,20,SAT,UG,Third Year,Commerce and Business,Day Scholar,Tamil,1,1,1,2,5,Yes,1,1,1,1,1,1,6,No,2,Parental Pressure,College,Yes,4,4,4,4,4,4,4,4,32,10
223,Female,19,SAK,UG,Third Year,Physical Science,Day Scholar,Tamil,3,3,2,2,10,Yes,3,3,4,4,3,3,20,Yes,3,Placements,College,Yes,3,3,3,4,3,3,3,3,25,4
224,Female,20,SAT,UG,Third Year,Life science,Day Scholar,Tamil,4,4,3,3,14,Yes,4,4,3,3,4,4,22,Yes,4,Potential,College,Yes,3,3,3,3,3,3,3,3,24,6
225,Female,20,SAT,UG,Third Year,Life science,Day Scholar,Tamil,4,4,4,4,16,Yes,4,4,3,4,5,3,23,Yes,2,Potential,College,No,3,4,3,2,1,1,1,3,18,5
226,Female,20,SAT,UG,Third Year,CS/IT,Day Scholar,Tamil,3,5,4,2,14,Yes,5,5,5,5,5,5,30,Yes,5,Placements,College,Yes,5,3,5,5,4,5,5,4,36,6
227,Female,20,SAT,UG,Third Year,Life science,Day Scholar,Tamil,4,4,4,4,16,Yes,4,4,4,4,4,4,24,Yes,4,Potential,College,Yes,3,3,3,3,4,4,4,4,28,8
228,Female,20,SAT,UG,Third Year,CS/IT,Day Scholar,Tamil,4,4,5,5,18,Yes,5,4,3,4,5,5,26,Yes,4,Placements,College,Yes,5,5,5,5,4,5,5,5,39,8
229,Female,20,SAT,UG,Third Year,Physical Science,Day Scholar,Tamil,4,4,3,3,14,Yes,4,4,4,4,4,4,24,Yes,4,Past Performance,College,Yes,4,4,4,4,4,4,4,4,32,9
230,Female,18,SAT,UG,Third Year,Life science,Day Scholar,Tamil,3,4,4,3,14,Yes,3,3,4,2,3,2,17,Yes,3,Placements,College,Yes,3,3,4,3,2,3,2,3,23,5
231,Female,19,SAT,UG,Third Year,Commerce and Business,Day Scholar,Tamil,5,4,4,4,17,Yes,5,5,4,4,4,4,26,Yes,4,Potential,College,Yes,4,4,4,4,4,4,3,4,31,8
232,Female,19,SAT,UG,Third Year,Life science,Day Scholar,Tamil,4,4,4,4,16,Yes,4,4,4,4,4,4,24,Yes,4,Placements,College,Yes,4,4,4,4,4,4,3,4,31,10
233,Female,20,SAT,UG,Third Year,Life science,Day Scholar,Tamil,4,3,5,4,16,Yes,3,4,5,3,3,4,22,Yes,5,Placements,College,Yes,4,4,4,5,3,3,1,4,28,8
234,Female,19,SAT,UG,Third Year,Commerce and Business,Day Scholar,Tamil,5,5,4,4,18,Yes,4,4,4,4,4,4,24,Yes,4,Placements,College,Yes,4,4,4,4,3,3,4,4,30,5
235,Female,20,SAT,UG,Third Year,Physical Science,Day Scholar,Tamil,4,4,4,4,16,Yes,4,4,4,4,4,4,24,Yes,5,Placements,College,No,5,4,4,4,4,4,4,4,33,9
236,Female,20,SAT,UG,Third Year,CS/IT,Day Scholar,Tamil,4,2,4,4,14,Yes,5,4,4,4,4,4,25,Yes,4,Placements,College,Yes,5,4,5,5,4,3,4,4,34,8
237,Female,19,SAT,UG,Third Year,CS/IT,Day Scholar,Tamil,4,5,4,5,18,Yes,5,4,4,5,5,5,28,Yes,5,Placements,College,Yes,4,4,4,4,4,4,4,4,32,9
238,Female,20,SAT,UG,Third Year,CS/IT,Day Scholar,Tamil,4,3,4,3,14,Yes,4,4,2,3,5,5,23,Yes,4,Placements,College,Yes,4,3,4,4,4,5,4,3,31,7
239,Female,20,SAT,UG,Third Year,CS/IT,Day Scholar,Tamil,5,5,5,4,19,Yes,5,5,4,4,5,5,28,Yes,5,Placements,College,Yes,5,5,5,5,4,4,5,4,37,9
240,Female,20,SAT,UG,Third Year,Commerce and Business,Day Scholar,Tamil,5,5,4,4,18,Yes,4,5,5,4,5,5,28,Yes,5,Placements,College,Yes,5,5,5,5,5,5,5,5,40,10
241,Female,21,SAT,UG,Third Year,Physical Science,Day Scholar,Tamil,5,4,5,4,18,Yes,5,4,5,5,5,4,28,Yes,5,Potential,College,Yes,5,5,5,4,3,4,4,5,35,10
242,Female,19,SAT,UG,Third Year,Life science,Hostelier,Others,3,3,3,3,12,Yes,3,3,3,3,3,4,19,Yes,3,Placements,College,Yes,4,3,3,3,3,3,3,3,25,6
243,Female,19,SAT,UG,Third Year,Life science,Day Scholar,Tamil,4,4,3,4,15,Yes,4,4,3,3,4,4,22,Yes,4,Placements,College,Yes,4,4,4,4,3,3,4,5,31,8
244,Female,20,SAT,UG,Third Year,Commerce and Business,Day Scholar,Tamil,4,3,4,3,14,Yes,4,3,2,3,4,4,20,Yes,4,Potential,College,Yes,5,5,4,4,4,4,4,4,34,7
245,Female,20,SAT,UG,Third Year,Humanity and Social Science,Day Scholar,Tamil,4,4,5,5,18,Yes,5,5,4,4,5,4,27,No,5,Potential,College,Yes,5,3,5,5,1,4,5,5,33,10
246,Female,20,SAT,UG,Third Year,Life science,Day Scholar,Tamil,4,3,4,4,15,Yes,5,4,3,4,4,4,24,Yes,4,Potential,College,Yes,4,4,4,3,4,4,4,4,31,7
247,Female,20,SAT,UG,Third Year,Physical Science,Day Scholar,Tamil,4,4,4,4,16,Yes,4,4,4,4,4,4,24,Yes,4,Placements,College,Yes,4,4,4,4,4,4,4,4,32,8
248,Female,20,SAT,UG,Third Year,Life science,Hostelier,Tamil,3,3,3,3,12,Yes,3,3,3,3,3,3,18,Yes,3,Placements,College,Yes,3,3,3,3,3,3,3,3,24,9
249,Female,20,SAT,UG,Third Year,Commerce and Business,Hostelier,Tamil,3,3,3,3,12,Yes,3,3,3,3,4,3,19,Yes,4,Placements,College,Yes,3,3,3,3,3,3,3,3,24,9
250,Female,19,SAT,UG,Third Year,Commerce and Business,Hostelier,Tamil,3,3,3,3,12,Yes,3,3,3,3,3,3,18,Yes,3,Placements,College,Yes,3,3,3,3,3,3,3,3,24,9
251,Female,20,SAT,UG,Third Year,CS/IT,Hostelier,Tamil,3,4,4,3,14,Yes,4,3,3,3,3,4,20,Yes,3,Placements,College,Yes,4,4,4,4,3,3,4,3,29,6
252,Female,19,SAT,UG,Third Year,Life science,Hostelier,Tamil,3,3,3,3,12,Yes,3,3,3,3,3,3,18,Yes,3,Placements,College,Yes,3,3,3,3,3,3,3,3,24,8
253,Female,19,SAT,UG,Third Year,CS/IT,Hostelier,Tamil,5,4,4,3,16,Yes,4,4,4,4,5,3,24,Yes,4,Potential,Friends/Relatives,Yes,3,3,3,3,4,4,4,4,28,7
254,Female,19,SAT,UG,Third Year,Physical Science,Day Scholar,Tamil,5,4,3,4,16,Yes,5,4,4,4,4,4,25,Yes,4,Placements,College,Yes,5,5,5,4,2,4,5,4,34,8
255,Female,19,SAT,UG,Third Year,CS/IT,Hostelier,Tamil,4,5,4,5,18,Yes,5,5,5,4,4,5,28,Yes,5,Potential,College,Yes,5,4,4,5,5,4,4,5,36,10
256,Female,19,SAT,UG,Third Year,CS/IT,Hostelier,Tamil,4,1,5,4,14,Yes,4,4,5,1,5,4,23,No,1,Potential,College,Yes,4,1,1,4,4,4,4,4,26,8
257,Female,20,SAT,UG,Third Year,Physical Science,Hostelier,Tamil,5,5,5,5,20,Yes,5,5,5,5,5,5,30,Yes,5,Placements,College,Yes,5,5,5,5,5,5,5,5,40,10
258,Female,19,SAT,UG,Third Year,Physical Science,Day Scholar,Tamil,4,4,4,4,16,Yes,4,4,4,4,4,4,24,Yes,4,Placements,College,Yes,4,4,4,4,4,4,4,4,32,10
259,Female,20,RGT,UG,Third Year,CS/IT,Day Scholar,Tamil,4,2,4,4,14,Yes,5,4,4,4,4,3,24,Yes,4,Placements,College,Yes,3,3,3,3,4,4,3,3,26,9
260,Female,18,RGT,UG,Third Year,Commerce and Business,Day Scholar,Tamil,5,4,5,5,19,Yes,4,5,4,4,4,5,26,Yes,5,Past Performance,College,Yes,5,5,5,4,5,4,5,4,37,8
261,Female,20,RGT,UG,Third Year,Physical Science,Hostelier,Tamil,5,5,4,4,18,Yes,5,4,5,5,5,4,28,Yes,4,Placements,College,Yes,5,5,5,5,4,5,5,4,38,10
262,Female,20,RGT,UG,Third Year,Physical Science,Hostelier,Tamil,5,4,4,4,17,Yes,5,4,2,5,5,4,25,Yes,4,Placements,College,Yes,5,5,5,5,4,4,5,4,37,10
263,Female,20,RGT,UG,Third Year,Humanity and Social Science,Hostelier,Tamil,4,4,4,4,16,Yes,4,4,4,4,4,4,24,Yes,4,Placements,College,Yes,4,4,4,4,4,4,5,4,33,10
264,Female,20,RGT,UG,Third Year,Physical Science,Hostelier,Tamil,5,5,4,4,18,Yes,5,4,4,4,5,4,26,Yes,5,Placements,College,Yes,4,4,5,5,5,4,5,5,37,10
265,Female,20,SAT,UG,Third Year,CS/IT,Hostelier,Tamil,3,3,4,4,14,Yes,5,5,5,4,5,4,28,Yes,5,Placements,College,Yes,4,4,4,4,5,5,5,5,36,8
266,Female,19,SAT,UG,Third Year,Life science,Day Scholar,Tamil,4,3,4,4,15,Yes,4,5,5,4,4,4,26,Yes,4,Placements,College,Yes,4,4,5,4,4,4,5,5,35,8
267,Female,20,RGT,UG,Third Year,Commerce and Business,Day Scholar,Tamil,5,3,5,4,17,Yes,5,4,5,3,3,4,24,Yes,2,Potential,College,Yes,5,5,4,5,2,4,4,4,33,8
268,Female,19,SRS,UG,Third Year,CS/IT,Day Scholar,Tamil,1,1,5,3,10,Yes,5,3,4,3,4,3,22,Yes,3,Placements,College,Yes,4,3,3,5,5,4,4,4,32,7
269,Male,20,SRS,UG,Third Year,CS/IT,Day Scholar,Tamil,4,3,3,4,14,Yes,3,3,4,3,4,2,19,Yes,3,Past Performance,College,Yes,5,3,4,3,4,3,4,3,29,7
270,Male,20,SRS,UG,Third Year,CS/IT,Day Scholar,Tamil,4,4,3,4,15,Yes,4,4,4,4,3,4,23,Yes,4,Placements,College,Yes,4,3,4,4,4,4,4,4,31,8
271,Female,20,SRS,UG,Third Year,CS/IT,Day Scholar,Telugu,4,4,3,4,15,Yes,5,4,5,3,4,4,25,No,3,Placements,College,Yes,5,4,5,4,4,4,4,4,34,8
272,Male,19,SRS,UG,Third Year,CS/IT,Day Scholar,Tamil,5,5,4,4,18,Yes,5,5,5,5,5,5,30,Yes,4,Placements,College,Yes,5,5,5,5,4,4,5,5,38,9
273,Male,19,SRS,UG,Third Year,Commerce and Business,Hostelier,Tamil,3,3,3,3,12,Yes,4,4,4,4,4,4,24,Yes,4,Placements,College,Yes,3,3,3,3,3,4,4,4,27,10
274,Female,20,SRS,UG,Third Year,Life science,Day Scholar,Tamil,3,2,3,3,11,No,3,4,4,3,2,3,19,Yes,2,Placements,College,Yes,4,3,3,3,2,3,4,4,26,6
275,Female,21,SRS,UG,Third Year,CS/IT,Day Scholar,Tamil,5,3,4,4,16,Yes,3,5,5,2,3,2,20,Yes,4,Placements,College,Yes,4,3,5,4,4,5,4,4,33,8
276,Female,21,SRS,PG,Second Year,Life science,Day Scholar,Tamil,4,3,3,3,13,No,3,2,2,2,2,2,13,Yes,2,Potential,College,Yes,4,3,3,3,3,3,3,2,24,4
277,Male,20,SRS,UG,Third Year,Commerce and Business,Day Scholar,Tamil,5,5,5,5,20,Yes,5,5,5,5,5,4,29,Yes,5,Placements,College,Yes,4,4,4,4,3,4,4,4,31,9
278,Female,19,SRS,UG,Third Year,CS/IT,Day Scholar,Tamil,4,4,4,3,15,Yes,4,4,4,4,4,3,23,Yes,3,Placements,College,Yes,4,4,4,4,3,4,4,4,31,7
279,Female,20,SRS,UG,Third Year,Commerce and Business,Day Scholar,Tamil,3,2,3,4,12,Yes,4,3,4,3,3,3,20,No,4,Placements,College,Yes,3,4,3,4,2,4,4,3,27,8
280,Female,19,SRS,UG,Third Year,Commerce and Business,Day Scholar,Tamil,4,3,4,3,14,Yes,4,4,4,3,3,3,21,Yes,3,Placements,College,Yes,4,3,4,4,3,4,4,4,30,8
281,Female,19,SRS,UG,Third Year,Humanity and Social Science,Day Scholar,Tamil,4,4,3,4,15,Yes,4,3,3,3,3,4,20,Yes,3,Placements,College,Yes,4,3,4,3,2,3,4,4,27,8
282,Female,20,SRS,UG,Third Year,CS/IT,Day Scholar,Tamil,4,4,4,4,16,Yes,4,3,3,4,4,4,22,Yes,4,Placements,College,Yes,4,4,4,4,4,4,4,4,32,7
283,Female,20,SRS,UG,Third Year,CS/IT,Day Scholar,Tamil,4,4,5,4,17,No,4,4,4,4,4,4,24,Yes,4,Placements,College,Yes,4,4,4,4,4,4,4,4,32,7
284,Female,20,SRS,UG,Third Year,Humanity and Social Science,Day Scholar,Tamil,3,4,4,3,14,Yes,4,5,5,5,4,5,28,Yes,5,Placements,College,Yes,4,3,5,4,3,4,5,4,32,9
285,Female,19,RGT,UG,Third Year,Humanity and Social Science,Day Scholar,Tamil,5,3,4,3,15,Yes,4,2,5,4,2,2,19,Yes,4,Placements,College,Yes,4,3,4,4,3,3,3,2,26,5
286,Female,21,SRS,UG,Third Year,Life science,Hostelier,Telugu,5,5,5,5,20,Yes,5,5,5,5,5,5,30,Yes,5,Placements,College,Yes,5,5,5,5,5,5,5,5,40,10
287,Male,20,SRS,UG,Third Year,CS/IT,Day Scholar,Tamil,5,3,5,5,18,Yes,4,4,4,4,5,5,26,Yes,5,Placements,College,Yes,5,4,4,4,4,4,4,3,32,10
288,Female,19,SRS,UG,Third Year,CS/IT,Day Scholar,Tamil,4,3,3,4,14,Yes,4,3,4,3,4,5,23,Yes,4,Potential,College,Yes,4,4,4,4,3,4,5,4,32,9
289,Female,20,SRS,UG,Third Year,Physical Science,Other,Tamil,3,1,1,1,6,Yes,1,1,1,1,1,3,8,No,1,Parental Pressure,College,Yes,1,1,1,1,3,3,3,1,14,5
290,Female,21,SRS,PG,Second Year,Physical Science,Day Scholar,Tamil,4,2,3,3,12,No,4,2,3,2,2,1,14,Yes,3,Potential,College,Yes,3,3,3,2,1,1,3,3,19,3
291,Female,19,SRS,UG,Third Year,CS/IT,Day Scholar,Tamil,3,4,4,2,13,Yes,5,5,4,3,4,5,26,Yes,4,Potential,College,Yes,5,4,5,5,4,5,4,4,36,8
292,Male,19,SRS,UG,Third Year,CS/IT,Day Scholar,Tamil,4,4,4,3,15,Yes,3,3,3,3,3,3,18,Yes,3,Placements,College,Yes,3,3,3,3,3,3,3,3,24,5
293,Female,19,SRS,UG,Third Year,Humanity and Social Science,Day Scholar,Tamil,5,4,4,2,15,Yes,4,2,4,4,2,2,18,Yes,4,Placements,College,Yes,3,3,4,4,5,3,4,4,30,6
294,Female,19,SRS,UG,Third Year,Humanity and Social Science,Day Scholar,Tamil,4,3,4,4,15,Yes,3,4,1,3,3,4,18,Yes,3,Placements,College,Yes,5,4,4,5,4,4,5,4,35,9
295,Female,22,SRS,PG,Second Year,Physical Science,Day Scholar,Tamil,4,3,4,4,15,Yes,4,4,3,3,4,4,22,Yes,4,Past Performance,College,Yes,4,4,4,4,4,3,4,4,31,7
296,Female,20,SRS,UG,Third Year,Commerce and Business,Day Scholar,Tamil,5,3,3,4,15,Yes,4,3,5,5,5,4,26,Yes,4,Past Performance,Friends/Relatives,Yes,4,4,3,3,3,4,4,3,28,7
297,Female,19,RGT,UG,Third Year,CS/IT,Day Scholar,Tamil,4,5,4,3,16,Yes,3,3,2,2,4,4,18,No,4,Placements,College,Yes,4,3,4,3,2,2,4,4,26,8
298,Female,20,SRS,UG,Third Year,Life science,Day Scholar,Tamil,4,4,5,5,18,Yes,5,3,4,4,3,4,23,No,4,Placements,Social Media,Yes,4,4,4,4,4,3,4,3,30,10
299,Female,19,SRS,UG,Third Year,Life science,Day Scholar,Tamil,4,4,3,5,16,Yes,3,4,5,4,4,4,24,Yes,5,Potential,Friends/Relatives,Yes,5,5,5,5,4,4,5,5,38,10
300,Female,20,SRS,UG,Third Year,Life science,Day Scholar,Tamil,3,4,3,2,12,Yes,3,4,4,3,3,4,21,Yes,3,Placements,College,Yes,4,3,4,3,4,4,4,3,29,5
301,Female,19,SRS,UG,Third Year,CS/IT,Day Scholar,Tamil,4,5,5,5,19,Yes,4,4,5,5,5,5,28,Yes,5,Parental Pressure,Social Media,Yes,5,5,5,5,4,4,4,5,37,7
302,Female,19,SRS,UG,Third Year,Life science,Day Scholar,Tamil,4,4,4,4,16,Yes,4,4,3,4,3,4,22,Yes,3,Potential,College,Yes,4,3,4,4,3,3,3,4,28,6
303,Female,21,SRS,UG,Third Year,Humanity and Social Science,Day Scholar,Tamil,4,4,3,2,13,Yes,4,4,2,2,4,4,20,Yes,3,Placements,College,Yes,4,4,4,4,4,4,4,4,32,8
304,Female,19,SRS,UG,Third Year,Life science,Other,Tamil,4,3,3,3,13,Yes,4,3,4,3,3,4,21,Yes,2,Placements,College,Yes,5,4,4,5,4,3,3,3,31,5
305,Female,20,SRS,UG,Third Year,Life science,Day Scholar,Tamil,4,4,4,4,16,Yes,4,4,4,4,4,4,24,Yes,4,Potential,College,Yes,5,4,5,5,5,5,5,4,38,8
306,Female,19,SRS,UG,Third Year,Physical Science,Day Scholar,Tamil,5,5,4,4,18,Yes,5,4,4,5,3,4,25,Yes,3,Potential,College,Yes,4,4,5,4,3,3,3,4,30,8
307,Female,20,SRS,UG,Third Year,Humanity and Social Science,Day Scholar,Tamil,4,4,4,4,16,Yes,4,3,4,4,4,4,23,Yes,3,Past Performance,College,Yes,4,4,4,4,4,4,3,4,31,9
308,Female,20,SRS,UG,Third Year,Life science,Day Scholar,Tamil,4,4,3,5,16,Yes,5,5,5,4,4,5,28,Yes,4,Placements,College,Yes,5,4,5,4,4,4,5,5,36,8
309,Male,22,SRS,UG,Third Year,Commerce and Business,Day Scholar,Tamil,4,4,4,4,16,Yes,4,4,4,4,4,4,24,Yes,4,Potential,College,Yes,4,4,4,4,4,4,4,4,32,7
310,Male,20,SRS,UG,Third Year,Commerce and Business,Day Scholar,Tamil,4,4,5,4,17,Yes,5,4,4,2,4,4,23,Yes,4,Placements,College,Yes,5,4,4,4,3,4,5,5,34,9
311,Female,19,SRS,UG,Third Year,Commerce and Business,Day Scholar,Tamil,4,3,4,4,15,Yes,4,4,5,4,4,4,25,Yes,4,Placements,College,Yes,4,4,4,4,3,4,5,4,32,8
312,Female,19,SRS,UG,Third Year,Commerce and Business,Day Scholar,Tamil,4,4,3,4,15,Yes,4,3,3,3,3,4,20,Yes,4,Placements,College,Yes,5,4,4,2,3,4,3,3,28,5
313,Female,19,SRS,UG,Third Year,Commerce and Business,Day Scholar,Tamil,2,4,4,3,13,Yes,5,3,3,3,5,3,22,Yes,3,Placements,College,Yes,3,2,3,3,3,3,3,3,23,5
314,Female,20,SRS,UG,Third Year,Humanity and Social Science,Day Scholar,Tamil,4,4,4,4,16,Yes,4,4,4,4,4,4,24,Yes,4,Placements,College,Yes,4,4,4,4,4,4,4,4,32,8
315,Female,20,SAT,UG,Third Year,CS/IT,Day Scholar,Tamil,4,5,4,5,18,Yes,4,4,4,5,5,4,26,Yes,4,Placements,College,Yes,5,5,5,5,4,5,5,5,39,9
316,Female,20,SAT,UG,Third Year,CS/IT,Day Scholar,Tamil,4,1,3,4,12,Yes,4,1,3,5,4,1,18,No,4,Placements,College,Yes,4,5,4,4,5,4,4,5,35,8
317,Female,19,SAT,UG,Third Year,CS/IT,Day Scholar,Tamil,3,3,3,3,12,Yes,4,2,3,3,3,3,18,Yes,3,Placements,College,Yes,4,4,4,4,3,1,5,4,29,6
318,Female,20,NKT,UG,Third Year,Physical Science,Day Scholar,Tamil,5,5,4,5,19,Yes,5,5,5,5,5,5,30,Yes,5,Potential,College,Yes,5,4,5,4,5,5,4,5,37,10
319,Female,20,NKT,UG,Third Year,Humanity and Social Science,Day Scholar,Tamil,4,4,4,4,16,Yes,4,4,4,4,4,4,24,Yes,4,Past Performance,College,Yes,4,4,4,4,5,4,4,4,33,10
320,Female,21,NKT,UG,Third Year,CS/IT,Day Scholar,Tamil,4,4,3,3,14,Yes,3,4,1,2,5,5,20,Yes,4,Placements,College,No,4,4,4,5,3,2,3,4,29,5
321,Female,24,NKT,PG,Second Year,Life science,Day Scholar,Tamil,4,4,4,4,16,Yes,4,4,4,4,4,4,24,Yes,4,Placements,College,No,4,4,5,5,5,4,5,5,37,10
322,Female,19,NKT,UG,Third Year,CS/IT,Other,Tamil,4,5,4,4,17,Yes,5,4,4,4,4,5,26,Yes,4,Potential,College,Yes,4,3,5,3,4,4,5,4,32,7
323,Female,19,NKT,UG,Third Year,CS/IT,Day Scholar,Tamil,4,4,4,4,16,Yes,4,4,4,4,4,4,24,Yes,4,Potential,College,Yes,4,4,4,4,4,4,4,4,32,1
324,Female,20,NKT,UG,Third Year,Humanity and Social Science,Day Scholar,Tamil,4,4,4,4,16,Yes,4,5,5,5,4,4,27,Yes,4,Placements,College,Yes,4,4,4,3,3,4,4,4,30,5
325,Female,19,NKT,UG,Third Year,CS/IT,Day Scholar,Tamil,5,4,4,3,16,Yes,5,4,5,4,5,5,28,Yes,4,Placements,College,Yes,5,3,5,3,4,4,4,4,32,7
326,Female,21,SRS,UG,Third Year,Humanity and Social Science,Day Scholar,Tamil,5,5,5,5,20,Yes,5,4,3,5,5,5,27,Yes,5,Potential,College,Yes,5,5,5,5,5,4,4,5,38,10
327,Female,19,NKT,UG,Third Year,CS/IT,Day Scholar,Tamil,4,2,3,2,11,Yes,4,3,3,4,3,4,21,Yes,3,Placements,College,Yes,3,3,4,3,4,4,4,3,28,6
328,Female,20,NKT,UG,Third Year,Physical Science,Day Scholar,Tamil,5,5,4,5,19,Yes,4,5,5,4,5,4,27,Yes,5,Placements,College,Yes,5,5,5,4,4,4,5,5,37,10
329,Female,19,NKT,UG,Third Year,Physical Science,Day Scholar,Tamil,4,4,5,5,18,Yes,4,4,4,4,4,4,24,Yes,4,Placements,College,Yes,3,3,5,4,4,5,4,4,32,10
330,Female,20,NKT,UG,Third Year,Life science,Other,Tamil,4,4,4,4,16,Yes,4,4,4,4,4,4,24,Yes,4,Placements,College,Yes,3,3,4,3,3,3,4,4,27,7
331,Female,20,NKT,UG,Third Year,Physical Science,Day Scholar,Tamil,5,4,4,5,18,Yes,5,4,4,5,4,5,27,Yes,4,Potential,College,Yes,5,5,4,5,4,4,5,5,37,9
332,Female,20,NKT,UG,Third Year,Humanity and Social Science,Day Scholar,Tamil,4,4,4,4,16,Yes,3,4,4,4,4,4,23,No,4,Potential,College,Yes,4,4,4,4,4,4,4,4,32,3
333,Female,19,NKT,UG,Third Year,Physical Science,Day Scholar,Tamil,4,4,4,4,16,Yes,4,4,5,4,4,4,25,Yes,5,Placements,College,Yes,5,5,5,5,5,5,5,5,40,10
334,Female,19,NKT,UG,Third Year,Physical Science,Day Scholar,Tamil,5,5,5,5,20,Yes,5,5,5,5,5,5,30,Yes,5,Potential,College,Yes,5,5,5,5,4,3,4,4,35,10
335,Female,19,NKT,UG,Third Year,Physical Science,Day Scholar,Tamil,4,4,4,4,16,Yes,4,5,4,4,4,4,25,Yes,4,Placements,College,Yes,4,4,4,4,4,4,4,4,32,10
336,Female,19,NKT,UG,Third Year,CS/IT,Day Scholar,Tamil,5,4,4,4,17,Yes,4,4,5,2,5,4,24,Yes,5,Placements,Friends/Relatives,Yes,4,4,4,4,2,4,4,5,31,10
337,Female,19,NKT,UG,Third Year,CS/IT,Day Scholar,Tamil,4,4,2,4,14,Yes,4,2,5,4,3,4,22,Yes,4,Placements,College,Yes,4,4,5,5,5,4,5,4,36,6
338,Female,19,NKT,UG,Third Year,Life science,Day Scholar,Tamil,3,4,4,3,14,Yes,4,4,5,4,4,3,24,Yes,4,Past Performance,College,Yes,4,3,5,4,4,3,3,4,30,9
339,Female,19,NKT,UG,Third Year,CS/IT,Day Scholar,Tamil,4,4,3,2,13,Yes,4,4,5,3,5,5,26,Yes,5,Placements,College,Yes,4,4,5,4,5,3,4,4,33,8
340,Female,20,NKT,PG,Second Year,Humanity and Social Science,Day Scholar,Tamil,4,5,2,3,14,Yes,5,5,4,3,5,2,24,Yes,4,Placements,College,Yes,4,1,5,3,4,5,4,4,30,10
341,Female,20,NKT,UG,Third Year,CS/IT,Day Scholar,Tamil,1,1,1,1,4,Yes,1,2,5,4,4,4,20,No,4,Placements,College,Yes,4,4,4,5,5,3,4,4,33,8
342,Female,20,NKT,UG,Third Year,Physical Science,Day Scholar,Tamil,4,4,4,4,16,Yes,4,4,4,4,4,4,24,Yes,4,Past Performance,College,Yes,4,4,4,4,4,4,4,4,32,10
343,Female,20,NKT,UG,Third Year,Physical Science,Day Scholar,Tamil,4,3,4,3,14,Yes,4,5,5,2,4,3,23,Yes,5,Placements,Friends/Relatives,Yes,2,4,5,5,4,3,4,4,31,10
344,Female,19,NKT,UG,Third Year,Humanity and Social Science,Day Scholar,Tamil,5,4,4,4,17,Yes,4,4,4,4,4,4,24,Yes,5,Placements,College,Yes,5,5,5,4,4,4,4,4,35,8
345,Female,20,SRS,UG,Third Year,Physical Science,Day Scholar,Tamil,4,3,4,4,15,Yes,3,4,4,4,4,4,23,Yes,4,Placements,College,Yes,4,4,4,4,4,4,4,4,32,7
346,Female,21,SRS,PG,Second Year,Commerce and Business,Day Scholar,Telugu,3,3,4,4,14,Yes,5,4,5,4,4,4,26,Yes,3,Placements,College,Yes,4,3,3,4,3,4,4,3,28,6
347,Female,19,SRS,UG,Third Year,Life science,Day Scholar,Tamil,5,5,5,5,20,Yes,5,5,5,5,5,4,29,Yes,4,Placements,College,Yes,5,5,5,4,4,5,4,4,36,10
348,Female,20,NKT,UG,Third Year,CS/IT,Other,Tamil,5,1,1,1,8,Yes,1,1,1,1,1,1,6,No,1,Parental Pressure,Social Media,Yes,1,1,1,1,1,1,1,1,8,1
349,Female,23,NKT,PG,Second Year,CS/IT,Day Scholar,Tamil,4,4,4,4,16,Yes,4,4,4,4,4,4,24,Yes,4,Placements,College,Yes,3,4,3,3,3,3,3,3,25,6
350,Female,20,NKT,UG,Third Year,CS/IT,Day Scholar,Tamil,4,4,5,5,18,Yes,5,4,5,5,5,4,28,Yes,5,Past Performance,College,Yes,5,5,5,2,2,5,5,5,34,10
351,Female,23,NKT,PG,Second Year,Humanity and Social Science,Day Scholar,Tamil,4,4,4,4,16,Yes,4,4,4,4,4,4,24,Yes,4,Past Performance,College,Yes,4,4,4,4,4,4,4,4,32,8
352,Female,19,NKT,UG,Third Year,CS/IT,Day Scholar,Tamil,4,5,5,4,18,Yes,5,4,5,4,3,4,25,Yes,5,Past Performance,College,Yes,3,5,5,5,4,5,5,4,36,10
353,Female,20,NKT,UG,Third Year,CS/IT,Day Scholar,Tamil,4,4,3,4,15,Yes,4,5,5,5,5,3,27,Yes,5,Placements,College,Yes,4,4,5,5,4,5,4,4,35,10
354,Female,18,NKT,UG,Third Year,Humanity and Social Science,Day Scholar,Tamil,4,4,4,4,16,Yes,4,5,4,4,4,4,25,Yes,4,Placements,Other,Yes,3,4,4,4,4,4,4,3,30,10
355,Female,19,NKT,UG,Third Year,Life science,Day Scholar,Tamil,4,4,4,4,16,Yes,4,4,4,4,4,4,24,Yes,4,Past Performance,College,Yes,4,4,4,4,3,4,4,4,31,7
356,Female,19,NKT,UG,Third Year,Physical Science,Day Scholar,Tamil,5,4,5,5,19,Yes,5,5,5,5,5,5,30,Yes,5,Potential,College,Yes,4,5,5,2,4,4,5,5,34,10
357,Female,20,NKT,UG,Third Year,CS/IT,Day Scholar,Tamil,4,4,4,4,16,Yes,4,4,4,4,4,3,23,Yes,4,Placements,College,Yes,4,4,4,4,3,4,5,4,32,9
358,Female,21,NKT,UG,Third Year,Physical Science,Hostelier,Tamil,4,4,4,4,16,Yes,3,4,4,4,5,3,23,No,5,Potential,College,Yes,3,3,4,4,5,4,4,3,30,7
359,Female,22,NKT,PG,Second Year,Life science,Day Scholar,Tamil,5,3,4,5,17,Yes,3,4,5,5,4,5,26,Yes,4,Placements,College,Yes,4,3,5,5,4,5,5,4,35,10
360,Female,19,NKT,UG,Third Year,Life science,Day Scholar,Tamil,4,4,4,4,16,Yes,3,4,3,4,4,4,22,Yes,4,Potential,College,Yes,3,4,3,3,4,4,4,3,28,8
361,Female,20,NKT,UG,Third Year,Commerce and Business,Day Scholar,Tamil,4,5,5,4,18,Yes,5,4,5,5,5,5,29,Yes,5,Placements,College,Yes,4,4,5,5,4,4,4,5,35,9
362,Female,21,NKT,UG,Third Year,Commerce and Business,Day Scholar,Tamil,5,5,5,4,19,No,4,4,5,5,5,5,28,Yes,5,Placements,College,Yes,4,4,4,4,4,4,4,5,33,10
363,Female,19,NKT,UG,Third Year,CS/IT,Day Scholar,Tamil,4,4,3,5,16,Yes,4,4,4,5,4,4,25,Yes,2,Placements,College,Yes,4,1,3,5,1,3,5,5,27,10
364,Female,19,NKT,UG,Third Year,Commerce and Business,Hostelier,Tamil,5,4,4,4,17,Yes,5,4,4,4,5,4,26,No,5,Placements,College,Yes,4,3,5,4,4,3,5,5,33,1
365,Female,19,NKT,UG,Third Year,Commerce and Business,Day Scholar,Tamil,4,4,4,4,16,Yes,4,4,3,4,5,4,24,Yes,5,Placements,Social Media,Yes,4,5,5,5,4,4,3,4,34,10
366,Female,20,NKT,UG,Third Year,Commerce and Business,Day Scholar,Tamil,4,4,4,3,15,Yes,5,4,5,4,4,5,27,Yes,5,Placements,College,Yes,3,4,4,5,4,4,4,4,32,10
367,Female,19,NKT,UG,Third Year,Commerce and Business,Day Scholar,Tamil,3,4,2,4,13,Yes,3,3,4,3,3,3,19,Yes,4,Past Performance,Social Media,Yes,3,3,5,3,5,3,4,3,29,6
368,Female,20,NKT,UG,Third Year,Commerce and Business,Other,Tamil,5,5,5,3,18,Yes,4,5,3,5,4,4,25,Yes,5,Placements,Friends/Relatives,Yes,1,5,1,5,5,5,4,5,31,10
369,Female,20,NKT,UG,Third Year,Commerce and Business,Day Scholar,Tamil,5,5,5,5,20,Yes,2,5,5,4,5,5,26,Yes,5,Potential,College,Yes,4,4,4,5,5,5,4,5,36,10
370,Female,20,SAK,UG,Third Year,Life science,Day Scholar,Tamil,5,5,5,5,20,Yes,5,5,5,5,5,5,30,Yes,5,Placements,College,Yes,5,5,5,5,3,5,5,5,38,10
371,Female,20,NKT,UG,Third Year,Commerce and Business,Day Scholar,Tamil,5,5,5,4,19,Yes,5,4,5,4,5,5,28,Yes,5,Past Performance,Other,Yes,5,4,5,5,5,5,5,5,39,10
372,Female,21,NKT,UG,Third Year,Physical Science,Day Scholar,Tamil,1,2,2,5,10,Yes,2,5,3,2,3,2,17,Yes,4,Parental Pressure,College,Yes,3,4,5,1,1,3,1,3,21,3
373,Female,19,NKT,UG,Third Year,Commerce and Business,Day Scholar,Tamil,4,4,3,4,15,Yes,4,3,4,4,4,4,23,Yes,4,Potential,College,Yes,4,4,4,4,4,5,4,4,33,9
374,Female,20,NKT,UG,Third Year,Physical Science,Day Scholar,Tamil,4,4,4,5,17,Yes,4,5,4,4,4,5,26,Yes,4,Placements,College,No,4,4,4,4,3,4,4,4,31,10
375,Female,19,RGT,UG,Third Year,Humanity and Social Science,Day Scholar,Tamil,2,2,3,3,10,Yes,3,3,3,2,4,3,18,Yes,4,Potential,College,Yes,3,4,4,4,4,4,4,4,31,8
376,Male,19,SRS,UG,Third Year,Commerce and Business,Day Scholar,Tamil,4,4,4,4,16,Yes,4,4,5,5,5,5,28,Yes,3,Potential,College,Yes,5,4,5,5,4,4,5,4,36,8
377,Female,20,SRS,UG,Third Year,Physical Science,Day Scholar,Tamil,4,4,4,4,16,Yes,4,3,4,4,4,4,23,Yes,4,Placements,College,Yes,4,4,4,4,4,4,4,4,32,7
378,Female,19,SRS,UG,Third Year,Life science,Day Scholar,Tamil,4,4,5,4,17,Yes,4,5,3,4,5,4,25,Yes,5,Potential,College,Yes,5,5,5,5,4,5,5,5,39,10
379,Female,19,SRS,UG,Third Year,CS/IT,Day Scholar,Tamil,4,5,4,4,17,Yes,5,4,4,4,5,4,26,Yes,4,Placements,College,Yes,5,4,5,3,4,4,4,4,33,8
380,Male,19,SRS,UG,Third Year,Commerce and Business,Day Scholar,Tamil,4,4,2,4,14,Yes,4,2,2,2,4,3,17,Yes,4,Placements,Social Media,Yes,4,4,3,3,4,2,4,2,26,7
381,Female,20,SRS,UG,Third Year,Life science,Hostelier,Telugu,5,5,5,5,20,Yes,5,5,5,5,4,5,29,Yes,5,Placements,College,Yes,5,5,5,5,5,5,5,5,40,10
382,Female,19,SRS,UG,Third Year,CS/IT,Day Scholar,Tamil,4,4,5,4,17,Yes,5,3,4,5,4,5,26,Yes,4,Placements,College,Yes,4,5,5,4,5,5,5,4,37,7
383,Male,21,SRS,UG,Third Year,Commerce and Business,Day Scholar,Tamil,5,5,5,5,20,Yes,5,5,5,5,5,5,30,Yes,5,Placements,College,Yes,4,4,4,4,4,4,4,5,33,8
384,Male,20,SRS,UG,Third Year,CS/IT,Day Scholar,Tamil,4,5,4,2,15,Yes,4,3,4,4,1,3,19,Yes,3,Past Performance,College,Yes,4,4,4,3,4,2,5,4,30,8
385,Male,20,SRS,UG,Third Year,Commerce and Business,Day Scholar,Tamil,4,3,3,4,14,Yes,2,3,4,3,2,4,18,Yes,1,Placements,College,Yes,4,3,4,4,4,3,4,4,30,7
386,Female,19,SRS,UG,Third Year,Life science,Day Scholar,Tamil,4,4,5,4,17,Yes,5,4,4,4,4,4,25,Yes,5,Placements,College,Yes,5,5,5,5,3,4,4,4,35,10
387,Female,19,SRS,PG,Third Year,Life science,Day Scholar,Tamil,4,4,4,4,16,Yes,4,4,4,4,4,4,24,Yes,4,Placements,College,Yes,4,4,5,4,4,4,4,4,33,8
388,Female,19,SRS,UG,Third Year,Life science,Day Scholar,Tamil,5,4,5,5,19,Yes,4,5,4,5,5,5,28,Yes,5,Placements,College,Yes,5,5,4,5,4,4,4,5,36,9
389,Male,20,SRS,UG,Third Year,CS/IT,Day Scholar,Telugu,4,4,4,4,16,Yes,4,4,4,4,4,4,24,Yes,4,Placements,College,Yes,4,5,5,5,5,5,4,4,37,9
390,Female,19,SRS,UG,Third Year,CS/IT,Day Scholar,Tamil,3,1,3,4,11,Yes,3,3,4,4,4,3,21,Yes,4,Placements,College,Yes,5,4,5,3,3,3,5,3,31,10
391,Male,20,SRS,UG,Third Year,CS/IT,Hostelier,Tamil,5,5,4,4,18,Yes,4,4,4,4,4,4,24,Yes,4,Placements,College,Yes,4,4,4,4,4,5,4,4,33,10
392,Female,21,SRS,UG,Third Year,Humanity and Social Science,Day Scholar,Tamil,4,4,4,3,15,Yes,4,3,4,4,3,4,22,Yes,4,Potential,College,Yes,4,4,4,4,4,4,4,3,31,8
393,Male,19,SRS,UG,First year,Commerce and Business,Day Scholar,Telugu,4,4,3,4,15,Yes,3,4,5,3,5,4,24,Yes,5,Placements,College,Yes,4,4,5,3,4,3,4,4,31,7
394,Female,19,SRS,UG,Third Year,Life science,Day Scholar,Tamil,5,4,3,4,16,Yes,5,4,5,5,4,5,28,Yes,5,Placements,College,Yes,5,4,5,4,4,4,4,4,34,10
395,Female,20,SRS,UG,Third Year,CS/IT,Day Scholar,Tamil,3,4,4,2,13,Yes,3,4,4,3,4,3,21,No,4,Past Performance,College,Yes,4,4,3,4,4,3,4,4,30,5
396,Female,19,SRS,UG,Third Year,CS/IT,Day Scholar,Tamil,5,5,5,5,20,Yes,5,5,5,5,5,5,30,Yes,5,Placements,College,Yes,5,5,5,4,3,5,5,5,37,5
397,Female,20,SRS,UG,Third Year,Life science,Day Scholar,Tamil,4,3,3,4,14,Yes,4,3,4,3,4,5,23,Yes,4,Potential,College,Yes,4,4,4,3,3,3,4,3,28,8
398,Female,21,SRS,PG,Second Year,Physical Science,Day Scholar,Tamil,4,2,4,1,11,Yes,4,3,3,4,3,2,19,Yes,3,Placements,College,Yes,3,3,5,4,5,3,4,4,31,6
399,Female,20,SRS,UG,Third Year,Life science,Day Scholar,Tamil,4,4,4,4,16,Yes,4,4,4,4,4,4,24,Yes,4,Placements,College,Yes,4,4,4,4,4,4,4,4,32,7
400,Female,20,SRS,UG,Third Year,Humanity and Social Science,Day Scholar,Tamil,4,4,4,4,16,Yes,4,4,4,4,3,4,23,Yes,4,Placements,College,Yes,4,4,4,4,4,4,4,4,32,9
401,Female,19,NKT,UG,Third Year,CS/IT,Day Scholar,Tamil,4,4,4,4,16,Yes,4,5,4,4,4,4,25,Yes,5,Placements,College,No,4,4,4,4,4,4,4,4,32,5
402,Female,19,NKT,UG,Third Year,CS/IT,Day Scholar,Tamil,4,3,1,4,12,Yes,1,3,4,1,2,1,12,Yes,3,Parental Pressure,Friends/Relatives,Yes,1,3,2,1,1,2,4,1,15,5
403,Female,20,NKT,UG,Third Year,Physical Science,Day Scholar,Tamil,4,4,3,3,14,Yes,4,3,3,4,1,3,18,Yes,4,Placements,College,Yes,4,4,4,3,4,4,4,3,30,8
404,Female,20,NKT,UG,Third Year,Physical Science,Day Scholar,Tamil,3,3,3,3,12,Yes,3,4,4,3,3,4,21,Yes,3,Placements,College,Yes,3,4,3,3,4,3,4,3,27,6
405,Female,20,NKT,UG,Third Year,Physical Science,Day Scholar,Tamil,4,4,5,5,18,Yes,5,4,5,5,5,4,28,Yes,4,Placements,College,Yes,4,4,5,4,4,5,5,4,35,9
406,Female,18,NKT,UG,Third Year,Physical Science,Day Scholar,Tamil,5,4,5,4,18,Yes,5,4,5,5,4,5,28,Yes,5,Placements,College,Yes,4,4,5,5,5,4,5,5,37,9
407,Female,20,NKT,UG,Third Year,Commerce and Business,Day Scholar,Tamil,4,4,4,4,16,Yes,4,5,5,4,4,4,26,Yes,5,Placements,College,Yes,3,3,3,3,3,3,3,3,24,1
408,Female,18,NKT,UG,Third Year,Physical Science,Day Scholar,Tamil,4,5,4,4,17,Yes,4,5,5,4,4,5,27,Yes,4,Placements,College,Yes,5,4,5,5,4,5,5,5,38,9
409,Female,19,NKT,UG,Third Year,Commerce and Business,Day Scholar,Tamil,2,4,3,3,12,Yes,4,3,4,4,4,3,22,Yes,4,Peer Persuasion,College,Yes,4,3,5,4,4,2,4,4,30,4
410,Female,19,NKT,UG,Third Year,Physical Science,Day Scholar,Tamil,5,4,4,5,18,Yes,5,4,5,4,4,5,27,Yes,4,Placements,College,Yes,4,5,4,4,5,5,5,4,36,10
411,Female,21,NKT,UG,Third Year,Commerce and Business,Day Scholar,Tamil,4,4,4,4,16,Yes,4,4,3,3,4,3,21,Yes,3,Potential,College,Yes,4,3,4,3,4,3,4,3,28,3
412,Female,19,RGT,UG,Third Year,Commerce and Business,Day Scholar,Tamil,4,5,5,4,18,Yes,5,4,5,3,4,5,26,Yes,4,Placements,College,Yes,4,5,5,5,4,5,5,4,37,9
413,Female,19,RGT,UG,Third Year,Humanity and Social Science,Day Scholar,Tamil,2,4,1,5,12,Yes,2,4,1,5,2,5,19,No,4,Parental Pressure,Friends/Relatives,Yes,5,4,4,4,5,5,5,4,36,10
414,Female,19,RGT,UG,Third Year,Physical Science,Hostelier,Tamil,5,4,5,5,19,Yes,4,5,4,4,5,4,26,Yes,4,Placements,College,Yes,5,4,5,5,4,4,5,5,37,9
415,Female,19,RGT,UG,Third Year,Physical Science,Hostelier,Tamil,5,5,5,5,20,Yes,5,5,5,5,5,5,30,Yes,5,Potential,College,Yes,5,5,5,5,4,5,5,5,39,10
416,Female,20,RGT,UG,Third Year,Physical Science,Hostelier,Tamil,5,5,4,5,19,Yes,5,5,5,5,5,5,30,Yes,5,Potential,College,Yes,5,5,5,5,4,5,5,5,39,10
417,Female,20,RGT,UG,Third Year,Physical Science,Hostelier,Tamil,5,5,5,5,20,Yes,5,5,5,5,5,5,30,Yes,5,Potential,College,Yes,5,5,5,5,4,5,5,5,39,10
418,Female,19,RGT,UG,Third Year,Life science,Hostelier,Tamil,5,5,5,5,20,Yes,5,5,5,5,5,5,30,Yes,5,Potential,College,Yes,5,5,5,5,5,5,4,5,39,10
419,Female,19,RGT,UG,Third Year,Commerce and Business,Hostelier,Tamil,5,5,5,5,20,Yes,5,5,5,5,5,5,30,Yes,5,Potential,College,Yes,5,5,5,5,5,5,4,5,39,10
420,Female,20,RGT,UG,Third Year,Commerce and Business,Hostelier,Tamil,5,5,5,5,20,Yes,5,5,5,5,5,5,30,Yes,5,Potential,College,Yes,5,5,5,5,5,5,4,5,39,10
421,Female,19,NKT,UG,Third Year,Commerce and Business,Day Scholar,Tamil,3,4,3,3,13,Yes,4,3,2,3,3,4,19,Yes,4,Placements,Other,Yes,4,4,5,4,4,4,4,4,33,8
422,Female,20,RGT,UG,Third Year,Physical Science,Hostelier,Tamil,5,5,5,5,20,Yes,5,5,5,5,5,5,30,Yes,5,Potential,College,Yes,5,5,5,5,4,5,5,5,39,10
423,Female,20,NKT,UG,Third Year,Commerce and Business,Day Scholar,Tamil,3,4,4,4,15,Yes,3,4,4,5,4,3,23,Yes,3,Past Performance,College,Yes,4,3,4,5,4,3,4,3,30,10
424,Female,20,NKT,UG,Third Year,Commerce and Business,Day Scholar,Tamil,4,4,4,4,16,Yes,4,4,4,4,4,4,24,Yes,4,Placements,College,Yes,4,4,4,4,4,4,4,4,32,9
425,Female,19,NKT,UG,Third Year,Life science,Day Scholar,Tamil,1,4,3,2,10,Yes,1,3,5,2,5,3,19,No,4,Past Performance,College,Yes,3,5,1,4,1,3,1,2,20,10
426,Female,21,NKT,PG,Second Year,Physical Science,Day Scholar,Tamil,3,4,3,4,14,Yes,3,3,4,3,3,3,19,Yes,4,Potential,College,Yes,4,4,3,3,3,4,3,2,26,9
427,Female,19,NKT,UG,Third Year,CS/IT,Day Scholar,Tamil,4,5,4,5,18,Yes,4,4,4,4,4,4,24,Yes,4,Placements,College,Yes,4,4,4,4,4,4,4,4,32,4
428,Female,20,RGT,UG,Third Year,Commerce and Business,Day Scholar,Tamil,5,4,5,3,17,Yes,5,4,3,3,4,4,23,Yes,2,Potential,College,Yes,5,5,4,4,2,3,4,4,31,9
429,Female,21,NKT,UG,Third Year,Life science,Other,Tamil,5,5,5,4,19,Yes,5,5,5,4,5,4,28,Yes,5,Potential,College,Yes,5,5,5,5,1,5,5,5,36,10
430,Female,20,NKT,UG,Third Year,Commerce and Business,Other,Tamil,4,4,3,4,15,Yes,5,4,4,4,4,4,25,Yes,5,Past Performance,College,Yes,2,3,4,4,3,4,4,4,28,10
431,Female,24,NKT,PG,Second Year,Physical Science,Day Scholar,Tamil,5,5,5,5,20,Yes,5,5,5,5,5,4,29,Yes,5,Placements,College,Yes,4,4,4,4,4,4,4,5,33,10
432,Female,20,RGT,PG,Third Year,CS/IT,Hostelier,Tamil,5,4,4,5,18,Yes,3,4,4,3,4,3,21,Yes,4,Potential,College,Yes,4,4,5,4,5,4,5,5,36,10
433,Female,20,NKT,UG,Third Year,Commerce and Business,Other,Tamil,4,3,4,3,14,Yes,4,4,4,4,3,4,23,Yes,4,Past Performance,College,Yes,3,4,4,4,4,4,3,4,30,10
434,Male,20,SHT,UG,Third Year,Commerce and Business,Day Scholar,Tamil,3,3,3,2,11,Yes,3,3,3,3,3,2,17,No,3,Placements,College,No,3,3,2,3,3,3,2,2,21,4
435,Male,18,SHT,UG,Third Year,Commerce and Business,Day Scholar,Tamil,5,5,5,5,20,Yes,5,5,5,4,5,5,29,Yes,5,Potential,College,Yes,1,4,5,5,5,1,3,3,27,9
436,Male,20,SHT,UG,Third Year,Humanity and Social Science,Hostelier,Tamil,2,2,1,3,8,Yes,4,2,4,4,4,3,21,Yes,4,Past Performance,Friends/Relatives,Yes,1,1,3,3,4,5,4,4,25,3
437,Female,20,SHT,UG,Third Year,Commerce and Business,Day Scholar,Tamil,4,4,4,4,16,Yes,4,4,4,4,4,4,24,Yes,4,Placements,College,Yes,4,4,4,4,4,4,4,4,32,8
438,Female,21,SHT,PG,Second Year,Life science,Day Scholar,Tamil,4,4,4,4,16,Yes,4,4,4,4,4,4,24,Yes,4,Placements,College,Yes,4,4,4,4,3,4,4,4,31,7
439,Male,20,SHT,UG,Third Year,Physical Science,Day Scholar,Tamil,4,4,4,4,16,Yes,4,4,4,4,4,4,24,Yes,4,Placements,College,Yes,4,4,4,4,4,4,4,4,32,6
440,Male,19,SHT,UG,Third Year,Commerce and Business,Day Scholar,Tamil,4,4,4,2,14,Yes,5,4,4,4,4,4,25,Yes,5,Placements,College,Yes,5,4,5,5,4,4,5,5,37,10
441,Male,19,SHT,UG,Third Year,Physical Science,Day Scholar,Tamil,3,4,4,4,15,Yes,4,4,4,3,4,5,24,Yes,4,Potential,College,Yes,4,4,5,4,5,4,4,4,34,6
442,Male,20,SHT,UG,Third Year,Commerce and Business,Hostelier,Tamil,4,4,4,5,17,Yes,4,4,3,3,4,3,21,Yes,4,Potential,College,Yes,3,4,3,4,4,4,4,3,29,7
443,Female,19,SHT,UG,Third Year,Physical Science,Day Scholar,Tamil,3,3,3,3,12,Yes,3,3,3,3,3,3,18,Yes,3,Placements,College,Yes,3,3,3,3,3,3,3,3,24,6
444,Male,22,SHT,PG,Second Year,CS/IT,Hostelier,Tamil,4,4,4,4,16,Yes,4,4,4,4,4,1,21,Yes,4,Placements,College,Yes,5,4,4,4,4,3,4,4,32,8
445,Male,20,SHT,UG,Third Year,CS/IT,Day Scholar,Tamil,4,4,4,4,16,Yes,4,4,4,4,4,4,24,Yes,4,Past Performance,College,No,3,3,4,3,3,4,4,4,28,8
446,Female,22,SHT,PG,Second Year,Humanity and Social Science,Day Scholar,Tamil,3,3,3,3,12,Yes,3,4,4,4,3,3,21,Yes,3,Peer Persuasion,Friends/Relatives,Yes,3,3,3,3,3,3,3,3,24,7
447,Female,20,MSP,UG,Third Year,Commerce and Business,Day Scholar,Tamil,5,4,5,5,19,Yes,5,5,5,5,5,4,29,Yes,5,Placements,College,Yes,5,5,5,5,5,5,5,5,40,8
448,Female,19,MSP,UG,Third Year,Commerce and Business,Day Scholar,Tamil,5,5,5,5,20,Yes,4,5,4,5,5,4,27,Yes,5,Placements,College,Yes,3,4,4,5,4,5,3,4,32,8
449,Female,19,MSP,UG,Third Year,Commerce and Business,Day Scholar,Tamil,5,4,5,5,19,Yes,5,4,5,5,5,5,29,Yes,5,Placements,College,No,5,5,5,5,4,4,5,4,37,10
450,Female,20,MSP,UG,Third Year,Commerce and Business,Day Scholar,Tamil,4,3,2,4,13,Yes,4,2,3,2,2,3,16,Yes,4,Past Performance,College,No,4,3,4,4,5,3,4,4,31,6
451,Female,20,MSP,UG,Third Year,Commerce and Business,Day Scholar,Tamil,4,4,3,3,14,Yes,4,3,4,4,4,3,22,Yes,4,Potential,Other,Yes,4,3,3,3,3,3,3,4,26,7
452,Female,19,MSP,UG,Third Year,Commerce and Business,Day Scholar,Tamil,5,4,4,4,17,Yes,4,4,4,3,4,3,22,Yes,5,Placements,College,Yes,5,5,5,5,5,5,5,5,40,9
453,Female,20,MSP,UG,Third Year,CS/IT,Day Scholar,Tamil,5,4,4,4,17,Yes,4,5,5,5,4,4,27,Yes,4,Placements,College,Yes,5,5,5,4,4,5,5,5,38,10
454,Female,21,MSP,UG,Third Year,Commerce and Business,Day Scholar,Tamil,4,4,4,5,17,Yes,4,4,3,2,5,4,22,Yes,4,Potential,College,Yes,4,4,5,4,4,5,4,4,34,7
455,Female,19,MSP,UG,Third Year,CS/IT,Day Scholar,Tamil,4,4,4,4,16,Yes,4,4,4,4,4,4,24,Yes,2,Placements,College,Yes,4,4,1,4,4,4,4,4,29,7
456,Female,21,MSP,UG,Third Year,Commerce and Business,Day Scholar,Tamil,5,5,5,5,20,Yes,5,5,5,5,5,5,30,Yes,5,Placements,College,Yes,5,5,5,5,5,5,5,5,40,10
457,Female,19,MSP,UG,Third Year,Commerce and Business,Day Scholar,Tamil,5,5,4,5,19,Yes,5,5,5,5,5,5,30,Yes,5,Potential,College,Yes,5,5,5,5,5,5,5,5,40,10
458,Female,19,MSP,UG,Third Year,Commerce and Business,Day Scholar,Tamil,3,3,3,3,12,Yes,3,2,1,3,3,1,13,Yes,2,Past Performance,College,Yes,3,3,3,3,3,3,3,3,24,6
459,Female,19,MSP,UG,Third Year,Life science,Day Scholar,Tamil,4,1,4,5,14,Yes,4,4,4,4,5,4,25,Yes,5,Placements,College,Yes,5,4,4,4,4,4,4,5,34,10
460,Female,19,MSP,UG,Third Year,Commerce and Business,Day Scholar,Tamil,5,5,5,5,20,Yes,5,5,5,5,5,5,30,Yes,5,Placements,College,Yes,5,5,5,5,3,5,3,5,36,10
461,Female,20,MSP,UG,Third Year,Commerce and Business,Day Scholar,Tamil,4,4,4,4,16,Yes,4,5,4,4,4,3,24,Yes,4,Placements,College,Yes,4,4,4,4,4,4,4,4,32,5
462,Female,20,MSP,UG,Third Year,Life science,Day Scholar,Tamil,4,4,4,4,16,Yes,4,4,4,4,4,4,24,Yes,4,Past Performance,College,Yes,4,4,3,4,5,5,4,4,33,6
463,Female,20,MSP,UG,Third Year,Commerce and Business,Day Scholar,Tamil,5,4,5,5,19,Yes,4,4,4,4,4,4,24,Yes,4,Placements,College,Yes,4,4,4,4,4,4,4,4,32,9
464,Female,19,MSP,UG,Third Year,Commerce and Business,Day Scholar,Tamil,4,4,5,4,17,Yes,4,5,4,4,5,5,27,Yes,4,Placements,College,Yes,4,4,5,4,3,4,4,4,32,7
465,Female,19,MSP,UG,Third Year,Commerce and Business,Day Scholar,Tamil,4,4,1,1,10,Yes,1,1,4,4,2,1,13,Yes,1,Parental Pressure,Social Media,Yes,1,4,4,4,4,4,1,4,26,5
466,Female,20,MSP,UG,Third Year,Life science,Day Scholar,Tamil,5,5,5,5,20,Yes,5,5,5,5,5,5,30,Yes,5,Placements,College,Yes,5,5,5,5,5,5,5,5,40,10
467,Female,20,MSP,UG,Third Year,Life science,Day Scholar,Tamil,5,4,4,3,16,Yes,5,5,4,4,5,4,27,Yes,4,Potential,College,Yes,4,4,4,5,4,4,5,4,34,8
468,Female,19,SHT,UG,Third Year,Physical Science,Day Scholar,Tamil,3,3,3,4,13,Yes,3,3,4,2,3,4,19,Yes,4,Placements,College,Yes,3,3,4,3,4,3,4,4,28,6
469,Female,19,MSP,UG,Third Year,Commerce and Business,Day Scholar,Tamil,4,3,2,2,11,Yes,4,2,3,2,3,4,18,Yes,3,Peer Persuasion,College,Yes,4,1,4,5,4,1,4,4,27,10
470,Female,18,MSP,UG,Third Year,Commerce and Business,Day Scholar,Tamil,4,4,5,4,17,Yes,4,4,5,4,4,5,26,Yes,4,Potential,College,Yes,4,4,5,4,3,4,4,4,32,8
471,Male,19,MSP,UG,Third Year,Life science,Day Scholar,Tamil,2,3,2,3,10,No,2,3,3,3,2,4,17,Yes,2,Placements,College,Yes,3,4,2,3,3,2,2,4,23,4
472,Female,18,MSP,UG,Third Year,Commerce and Business,Day Scholar,Tamil,4,5,4,4,17,Yes,4,4,4,4,5,5,26,Yes,5,Placements,College,Yes,5,5,5,5,4,4,4,4,36,7
473,Female,20,MSP,UG,Third Year,Commerce and Business,Day Scholar,Tamil,1,5,5,5,16,Yes,5,5,5,5,5,5,30,Yes,5,Placements,College,Yes,1,1,1,1,1,5,5,5,20,10
474,Female,19,MSP,UG,Third Year,Life science,Day Scholar,Tamil,4,5,4,5,18,Yes,4,4,3,4,4,4,23,Yes,4,Past Performance,College,Yes,4,4,4,4,4,4,4,4,32,9
475,Female,19,MSP,UG,Third Year,Commerce and Business,Day Scholar,Tamil,5,5,5,5,20,Yes,5,5,5,5,5,5,30,Yes,5,Placements,College,Yes,5,5,5,5,5,5,5,5,40,10
476,Female,19,MSP,UG,Third Year,Commerce and Business,Day Scholar,Tamil,5,4,5,4,18,Yes,5,5,5,5,5,5,30,Yes,4,Placements,College,Yes,4,4,4,4,4,4,5,5,34,10
477,Female,20,MSP,UG,Third Year,CS/IT,Day Scholar,Tamil,5,4,4,4,17,Yes,4,4,4,4,4,4,24,Yes,4,Placements,College,Yes,4,4,4,4,4,4,5,5,34,9
478,Female,19,MSP,UG,Third Year,CS/IT,Day Scholar,Tamil,5,5,5,5,20,Yes,5,5,5,5,5,5,30,Yes,5,Placements,College,Yes,5,5,5,5,5,5,5,5,40,10
479,Female,20,MSP,UG,Third Year,Physical Science,Day Scholar,Tamil,4,4,3,4,15,Yes,4,4,4,4,4,4,24,Yes,3,Placements,College,Yes,4,4,4,4,5,4,3,4,32,6
480,Female,20,MSP,UG,Third Year,Life science,Day Scholar,Tamil,4,5,5,4,18,Yes,5,4,2,3,5,5,24,Yes,5,Placements,College,Yes,5,4,5,5,3,5,5,5,37,9
481,Female,19,MSP,UG,Third Year,CS/IT,Day Scholar,Tamil,4,3,3,3,13,Yes,3,3,2,3,4,4,19,Yes,4,Placements,College,Yes,4,4,4,3,3,3,3,3,27,6
482,Female,20,MSP,UG,Third Year,Commerce and Business,Day Scholar,Tamil,5,5,5,5,20,Yes,5,5,5,5,5,5,30,Yes,5,Placements,College,Yes,5,4,5,5,5,5,5,5,39,1
483,Female,20,MSP,UG,Third Year,CS/IT,Day Scholar,Tamil,2,1,2,1,6,Yes,2,2,2,1,1,2,10,No,2,Parental Pressure,College,Yes,1,2,2,2,2,2,1,1,13,7
484,Female,20,MSP,UG,Third Year,CS/IT,Day Scholar,Tamil,5,5,4,5,19,Yes,4,4,4,4,3,3,22,Yes,3,Placements,College,Yes,3,4,4,4,4,4,3,3,29,6
485,Female,19,MSP,UG,Third Year,Life science,Day Scholar,Tamil,5,4,4,4,17,Yes,4,4,5,4,4,4,25,Yes,5,Placements,College,Yes,5,4,4,4,4,4,4,4,33,8
486,Female,19,MSP,UG,Third Year,Commerce and Business,Day Scholar,Tamil,4,5,5,4,18,Yes,4,5,5,5,5,5,29,Yes,4,Past Performance,Friends/Relatives,Yes,4,4,4,5,5,4,5,5,36,5
487,Female,19,MSP,UG,Third Year,CS/IT,Day Scholar,Tamil,5,5,5,5,20,Yes,5,5,4,5,5,5,29,Yes,5,Placements,College,Yes,5,5,5,5,4,5,5,5,39,9
488,Female,19,MSP,UG,Third Year,CS/IT,Day Scholar,Tamil,1,1,2,2,6,Yes,1,1,1,1,1,1,6,No,2,Placements,College,Yes,4,4,4,4,4,4,4,4,32,10
489,Female,19,MSP,UG,Third Year,CS/IT,Day Scholar,Tamil,5,5,5,5,20,Yes,5,4,5,4,3,3,24,Yes,4,Placements,College,Yes,4,4,4,4,2,3,5,4,30,8
490,Female,19,MSP,UG,Third Year,CS/IT,Day Scholar,Tamil,4,4,4,4,16,Yes,4,4,4,4,4,4,24,Yes,4,Placements,College,Yes,4,4,4,4,4,4,4,4,32,8
491,Female,19,MSP,UG,Third Year,Commerce and Business,Day Scholar,Tamil,5,5,5,5,20,Yes,5,5,5,5,5,5,30,Yes,5,Placements,College,Yes,4,5,5,5,5,5,5,5,39,10
492,Female,20,MSP,UG,Third Year,Commerce and Business,Day Scholar,Tamil,5,5,5,5,20,Yes,5,5,5,5,5,5,30,Yes,5,Placements,College,Yes,5,4,3,3,4,4,4,4,31,8
493,Female,20,MSP,UG,Third Year,CS/IT,Day Scholar,Tamil,4,3,4,5,16,Yes,4,4,4,5,4,4,25,Yes,4,Past Performance,College,Yes,4,4,4,4,4,3,4,4,31,6
494,Female,19,MSP,UG,Third Year,Commerce and Business,Day Scholar,Tamil,4,4,4,4,16,Yes,5,4,5,4,4,5,27,Yes,5,Placements,College,Yes,5,5,4,4,5,4,4,5,36,10
495,Female,19,MSP,UG,Third Year,Commerce and Business,Day Scholar,Tamil,4,4,5,4,17,Yes,5,4,4,4,4,5,26,Yes,5,Placements,College,Yes,5,5,4,4,4,5,4,5,36,10
496,Female,18,MSP,UG,Third Year,Commerce and Business,Day Scholar,Tamil,4,4,5,4,17,Yes,4,5,5,5,4,4,27,Yes,4,Placements,Social Media,Yes,4,5,4,5,4,4,4,4,34,9
497,Female,18,MSP,UG,Third Year,Life science,Day Scholar,Tamil,5,4,4,4,17,Yes,4,4,4,4,4,4,24,Yes,4,Potential,College,Yes,4,4,4,4,4,4,4,4,32,8
498,Female,19,MSP,UG,Third Year,Commerce and Business,Day Scholar,Tamil,5,5,5,5,20,Yes,5,5,5,5,5,5,30,Yes,5,Placements,College,Yes,4,4,4,5,5,5,5,5,37,10
499,Female,19,MSP,UG,Third Year,Commerce and Business,Day Scholar,Tamil,4,4,5,4,17,Yes,5,5,4,4,4,4,26,Yes,5,Placements,College,Yes,4,4,4,5,4,4,5,5,35,9
500,Female,20,MSP,UG,Third Year,CS/IT,Day Scholar,Tamil,4,4,4,4,16,Yes,4,4,3,3,3,4,21,Yes,4,Placements,College,Yes,3,3,3,3,4,3,3,3,25,6
501,Female,20,MSP,UG,Third Year,Life science,Day Scholar,Tamil,4,5,3,4,16,Yes,4,4,5,3,5,4,25,Yes,5,Potential,College,Yes,4,4,5,4,3,3,4,4,31,8
502,Female,19,MSP,UG,Third Year,CS/IT,Day Scholar,Tamil,5,4,4,4,17,Yes,3,3,3,2,4,4,19,Yes,4,Placements,College,Yes,5,4,4,3,2,2,4,4,28,9
503,Female,20,MSP,UG,Third Year,Commerce and Business,Day Scholar,Tamil,4,4,4,4,16,Yes,4,4,4,4,4,4,24,Yes,4,Placements,College,Yes,4,4,4,4,4,4,4,4,32,5
504,Female,20,MSP,UG,Third Year,Commerce and Business,Day Scholar,Tamil,4,4,5,3,16,Yes,4,4,3,4,3,3,21,Yes,4,Placements,College,Yes,4,4,4,5,4,5,5,3,34,9
505,Female,20,RGT,UG,Third Year,Humanity and Social Science,Day Scholar,Tamil,4,4,5,5,18,Yes,5,4,4,5,5,5,28,Yes,4,Peer Persuasion,College,Yes,4,4,4,5,4,4,4,1,30,9
506,Female,19,MSP,UG,Third Year,Humanity and Social Science,Day Scholar,Tamil,3,3,3,3,12,Yes,3,3,3,3,3,3,18,Yes,3,Past Performance,Social Media,Yes,3,3,3,3,3,3,3,3,24,5
507,Female,18,MSP,UG,Third Year,Commerce and Business,Day Scholar,Tamil,4,4,5,1,14,Yes,4,5,5,5,2,5,26,Yes,4,Placements,College,Yes,5,5,5,5,5,5,5,5,40,10
508,Female,19,MSP,UG,Third Year,Commerce and Business,Day Scholar,Tamil,5,5,5,5,20,Yes,5,5,5,5,5,5,30,Yes,5,Past Performance,College,Yes,5,5,5,5,5,5,5,5,40,10
509,Female,19,MSP,UG,Third Year,Commerce and Business,Day Scholar,Tamil,4,4,5,4,17,Yes,4,4,5,4,5,4,26,Yes,4,Placements,College,Yes,4,4,5,4,3,4,5,4,33,10
510,Female,19,MSP,UG,Third Year,Commerce and Business,Day Scholar,Tamil,4,3,3,4,14,Yes,4,4,5,3,4,4,24,Yes,4,Placements,Friends/Relatives,Yes,4,3,4,4,3,4,4,4,30,9
511,Female,19,MSP,UG,Third Year,Commerce and Business,Day Scholar,Tamil,5,5,5,5,20,Yes,5,5,5,5,5,5,30,Yes,5,Placements,College,Yes,5,5,5,5,5,5,5,5,40,10
512,Female,20,MSP,UG,Third Year,Commerce and Business,Day Scholar,Tamil,3,3,3,3,12,Yes,3,3,3,3,3,2,17,Yes,4,Placements,College,Yes,3,3,3,3,3,3,3,3,24,8
513,Female,19,MSP,UG,Third Year,Physical Science,Day Scholar,Tamil,4,4,4,4,16,Yes,4,4,4,4,4,4,24,Yes,5,Placements,College,Yes,4,4,4,3,2,3,3,3,26,7
514,Female,20,SRS,UG,Third Year,Commerce and Business,Day Scholar,Tamil,4,5,4,4,17,Yes,5,4,5,2,4,5,25,Yes,4,Parental Pressure,College,No,4,2,5,5,4,4,5,4,33,8
515,Female,20,MSP,UG,Third Year,Commerce and Business,Other,Tamil,3,4,4,4,15,Yes,3,4,3,4,3,4,21,Yes,3,Past Performance,Social Media,Yes,4,3,4,3,4,5,5,4,32,9
516,Female,19,MSP,UG,Third Year,Physical Science,Day Scholar,Tamil,4,4,4,4,16,Yes,5,4,4,5,4,4,26,Yes,5,Placements,College,Yes,5,4,5,5,3,5,5,5,37,10
517,Female,20,MSP,UG,Third Year,Physical Science,Day Scholar,Tamil,4,1,4,3,12,Yes,4,5,3,4,5,5,26,Yes,4,Placements,College,Yes,5,5,4,4,2,3,4,4,31,7
518,Male,20,SHT,UG,Third Year,Commerce and Business,Hostelier,Tamil,1,1,1,1,4,Yes,1,1,1,1,1,1,6,No,1,Placements,College,Yes,4,4,4,5,5,5,5,5,37,10
519,Female,20,MSP,UG,Third Year,Commerce and Business,Day Scholar,Tamil,4,5,4,4,17,Yes,4,5,4,4,4,5,26,Yes,5,Past Performance,College,Yes,4,4,4,4,4,4,4,4,32,9
520,Female,20,SAK,UG,Third Year,CS/IT,Day Scholar,Tamil,5,5,5,5,20,Yes,5,5,5,5,5,5,30,Yes,5,Placements,College,Yes,5,5,5,5,5,5,5,5,40,10
521,Female,19,SAK,UG,Third Year,CS/IT,Day Scholar,Tamil,4,4,5,5,18,Yes,5,4,5,4,1,4,23,Yes,4,Placements,College,Yes,4,4,5,4,4,5,5,5,36,8
522,Female,20,MSP,UG,Third Year,Commerce and Business,Day Scholar,Tamil,1,1,1,1,4,Yes,4,3,4,4,4,5,24,Yes,5,Past Performance,Friends/Relatives,Yes,1,4,4,4,4,5,5,4,31,4
523,Female,20,SAK,UG,Third Year,CS/IT,Day Scholar,Tamil,5,4,5,5,19,Yes,5,5,5,5,5,5,30,Yes,5,Placements,College,Yes,5,5,4,5,4,5,5,5,38,10
524,Female,19,MSP,UG,Third Year,Commerce and Business,Day Scholar,Tamil,4,5,4,4,17,Yes,5,5,4,5,5,5,29,Yes,5,Placements,College,Yes,5,5,5,4,4,5,4,5,37,8
525,Female,19,MSP,UG,Third Year,CS/IT,Day Scholar,Tamil,5,5,5,5,20,Yes,4,5,5,5,5,4,28,Yes,5,Placements,College,Yes,5,5,5,5,5,5,4,4,38,10
526,Female,20,MSP,UG,Third Year,Life science,Day Scholar,Tamil,5,5,5,5,20,Yes,5,5,5,4,5,5,29,Yes,4,Potential,College,Yes,5,5,5,5,5,5,5,5,40,9
527,Female,20,MSP,UG,Third Year,Commerce and Business,Day Scholar,Tamil,4,4,4,4,16,Yes,4,4,4,4,4,4,24,Yes,4,Placements,College,Yes,4,4,4,4,4,4,5,4,33,5
528,Female,19,MSP,UG,Third Year,Life science,Hostelier,Tamil,4,4,4,4,16,Yes,4,4,4,3,4,3,22,Yes,4,Placements,College,Yes,5,4,4,4,3,4,4,5,33,7
529,Female,20,MSP,UG,Third Year,Humanity and Social Science,Day Scholar,Tamil,1,1,1,1,4,Yes,1,1,1,1,1,1,6,No,1,Placements,College,Yes,5,5,5,5,5,5,5,5,40,10
530,Female,19,MSP,UG,Third Year,Life science,Day Scholar,Tamil,4,5,4,4,17,Yes,4,5,4,4,5,4,26,Yes,4,Placements,College,Yes,4,4,4,5,4,4,4,4,33,8
531,Female,19,MSP,UG,Third Year,CS/IT,Day Scholar,Tamil,4,4,3,3,14,Yes,4,4,3,3,4,4,22,Yes,4,Placements,College,Yes,3,3,4,4,4,3,3,4,28,7
532,Male,20,SHT,UG,Third Year,Commerce and Business,Day Scholar,Tamil,4,4,4,4,16,Yes,4,4,3,4,4,4,23,Yes,4,Potential,College,Yes,4,4,4,4,2,4,4,4,30,10
533,Female,19,MSP,UG,Third Year,Physical Science,Hostelier,Tamil,5,5,5,5,20,Yes,5,5,5,5,5,5,30,Yes,5,Placements,College,Yes,5,5,5,5,5,5,5,5,40,10
534,Female,20,NKT,UG,Third Year,Commerce and Business,Other,Tamil,4,4,4,4,16,Yes,4,4,4,4,4,4,24,Yes,4,Parental Pressure,Social Media,Yes,4,4,4,4,4,4,4,4,32,10
535,Female,21,MSP,UG,Third Year,CS/IT,Day Scholar,Tamil,5,5,5,5,20,Yes,5,4,4,4,4,5,26,Yes,4,Placements,College,Yes,4,5,5,5,4,5,5,5,38,10
